id,diagnosis,radius_mean,texture_mean,perimeter_mean,area_mean,smoothness_mean,compactness_mean,concavity_mean,concave_points_mean,symmetry_mean,fractal_dimension_mean,radius_se,texture_se,perimeter_se,area_se,smoothness_se,compactness_se,concavity_se,concave_points_se,symmetry_se,fractal_dimension_se,radius_worst,texture_worst,perimeter_worst,area_worst,smoothness_worst,compactness_worst,concavity_worst,concave_points_worst,symmetry_worst,fractal_dimension_worst
8953902,1,0.6307225818742527,0.3328962514089471,0.638215082372621,0.4716255459457533,1.4564486045099794,0.5370784185894092,0.7674403445408078,0.9707547722714989,0.4780488430817914,-0.024264143526449962,0.12500602753166215,0.03042197024136753,0.20996192098861804,0.09403896792587664,-0.13662755651558228,-0.26090754860519916,0.015133990353899326,0.34331863195671314,-0.6216263181143429,-0.3905188564061939,0.6435847888733242,0.7830650893929619,0.6986186780559586,0.43938692908842136,1.1504077074995909,0.270270564837124,0.4335701913879861,0.6847397810899842,0.30752922096314134,-0.12367999923866113
895100,1,1.8022234076820076,0.5159292323340312,1.8504614583544445,1.7678879678959938,1.4636223369632393,1.6127966289120765,2.161233051447112,2.705420862082607,2.721869750882583,0.5189374346232365,0.5995550983021136,-0.3612425060079654,0.5750014478127272,0.6169785786354498,-0.522886897940916,-0.06404319257257597,-0.0032535217683451797,0.30607769326091755,0.8490851051030323,-0.1826585270147149,1.9065975994811393,1.0265211627370698,1.9517578097501416,1.8880067929803714,1.1592501956433237,1.2813810830121664,1.287599045558138,2.3886445648201766,4.243200124464913,1.0294237781403903
84358402,1,1.787831505645057,-1.124503859207034,1.8170201790170146,1.8628838815632334,0.2656090172688789,0.554491123432762,1.4111238209593588,1.4849064124444493,-0.024191263495197075,-0.5688479139869522,1.2682866449040306,-0.8141865438522894,1.2765464144585223,1.1554048390739473,1.3908815387415343,-0.04707212739734973,0.7886776037724558,1.141570057044855,-0.35899927825409744,0.4790551115157126,1.3275418922921738,-1.4721935359771186,1.3782873596528031,1.2443727530871305,0.1954189879764872,-0.3167625321227552,0.6305785647311866,0.7496798908147285,-0.8771798615980851,-0.4187389069797715
883263,1,1.8425207333854687,0.5044896710262132,1.7083360211703684,1.888791858017935,-0.9359911686521108,-0.3997251019829564,0.03169217966239278,0.31787220550193374,-1.2599187199651982,-1.5446756854212522,1.0186745488996787,-0.3275106372400803,1.1319081113772718,0.9233172390267778,0.2655665762226782,0.33307973252771583,0.3350132960667367,0.795067410049191,-0.8544093761722878,0.03716498680217289,1.6800105836245873,0.09053125913708776,1.6665397022943222,1.554664645597646,-0.45008264651598023,-0.14595357079998092,0.21896305516549228,0.471365134851539,-1.0791735617370763,-0.7301899762620546
854268,1,0.04928973958146033,0.563975389826865,0.08350786136300677,-0.04854904798364611,0.11711275548640421,0.10949977743597512,0.563564502408239,0.20561664657642859,0.25041483794258074,-0.23435737477009622,-0.4167738083517093,-0.3687384768452733,-0.09161386060596291,-0.3196455111344346,-0.39763943822131514,0.2550128327216758,0.5119138437255706,-0.03070992624888687,-0.03429675624506652,0.07043759348534148,-0.06764667756529621,0.7797751424558794,0.28596269280073083,-0.13048629521374838,0.5137485611508555,1.1151532049432598,1.210360030699017,0.4744575210289079,1.089854027850662,0.972899083170829
84348301,1,-0.765291915709927,0.25739514677734954,-0.5874078053441748,-0.7592912020576288,3.292924112544446,3.477890792133391,1.9676151133212132,1.508734243348448,2.823040419833342,4.767796598063799,0.33277770056680317,-0.11200147566748091,0.29605614901317207,-0.27042766542059243,0.6323854722462418,2.7797416286228187,0.78011789985348,1.1124249745872758,4.663145979437053,2.0092211694281645,-0.2732534141758709,0.14481538359894938,-0.23987026488111415,-0.5416673802033973,3.3963996960076295,4.011052261852362,2.033102195305981,2.218563325064894,5.9745746970848375,5.020067242991421
85382601,1,0.8466011124285072,1.0810435609402276,0.8848445174861641,0.7180391886704712,1.657313113201249,0.8795282805086759,1.9714618273237148,1.9085122951822047,1.5620202961256517,0.12086604910896222,0.7093415072897009,0.3415047599896413,0.5686058765880463,0.5898239051381576,0.3640435865365624,0.30422892172983157,0.5838787618591822,-0.11004931738340824,0.05404142988974348,0.0076308752519447355,0.9792692568089556,1.0643555525135198,0.8897754947550708,0.8347874549732498,1.344942446661704,0.6707881293181116,1.4068795495177928,1.092934756502662,0.9920634269897219,0.03571964057550203
9110732,1,1.056722882167982,2.007648026873465,1.0729517137592057,0.9549532400284657,0.24193570017312233,0.5274046936764356,1.0495327047242367,0.9191278053128351,-0.3710621284692323,-0.5232355677301086,-0.045931768872464286,-0.26004689970431,0.014651015127201109,0.08428025713778738,-0.7686013799862398,-0.29937529633571175,0.1574786962657567,-0.11328765987869469,-0.9785603404698584,-0.47762579300370206,1.1156410719078065,2.125363439722638,1.17195936702519,0.9996854321359809,0.3147925779168755,0.8036395436802691,1.8033405688263182,1.2831165064108412,0.09751989780276157,0.3709110817450003
91594602,1,0.27956017217266543,-0.04232135948747513,0.23524766635659405,0.1497909050973478,-0.31905017767178206,-0.35154995191634764,-0.16782405326734134,-0.128767247109687,-0.920274331344789,-0.5246177600409215,-0.05916335562341125,-0.03329378187574888,-0.10489697007260847,-0.03155139699909981,-0.6927517733367107,-0.5171706327511142,-0.07395033561766405,-0.3848226781084744,-1.0800298785976805,-0.7909116851440967,0.2869200416917146,0.40143124469138725,0.2131410483439258,0.16633006367916764,-0.3705002532223885,-0.28338606841600605,0.07621753403344622,-0.03114761897088577,-1.0086360791488573,-0.8279776985593954
87163,1,-0.18673745382452478,0.08580172716008333,-0.2421265961852138,-0.243146737798961,-0.4388515096412174,-0.7982825683974696,-0.3765723998030785,-0.366251295119541,-0.7865845188027125,-0.8618726838794043,0.2401565933101741,-0.12886741005142327,0.14699014277637268,0.07261223336941953,-0.35780245993899956,-0.8379237645628883,-0.33264360961337797,-0.381584335613188,-0.6407264664678154,-0.7348342581499927,0.370841158675623,0.6991714424973575,0.29809963354353136,0.21349443134076607,0.3147925779168755,-0.6466005264012157,-0.03230817038886274,0.03070010457648967,-0.043555067373677196,-0.592269720536325
844981,1,-0.3105078113422974,0.5868545124425009,-0.17273594156004748,-0.37441381850278294,2.2025167796489815,1.723077092919976,1.2559730228584731,1.199766702626598,1.9305705901605639,1.5127337060981112,-0.34417888644786465,-0.4005963529038313,-0.21509758194403758,-0.33216211844959276,-0.44448772468131864,0.5418238341829978,0.1118269420312188,0.07453620484792692,0.10298556004551661,-0.03162332364392795,-0.1515677945492043,0.8406391607919066,-0.017460825769289395,-0.23740401589022903,1.6500082876204738,1.8762674655501042,1.3100863536816798,1.4222738843924356,2.351513091417219,1.3007423139942849
8712766,1,0.9761282307610598,1.2411974192496757,1.022789794753061,0.9635892321800329,0.5956007101188219,1.0865459936463113,1.6406444231086033,1.4849064124444493,-1.0033788094114848,0.09736877982513299,2.4512620225292405,0.36399267250156475,2.2107917802792554,1.7464432794134486,-0.30330547364879157,0.6164965209539925,0.45770238557205706,0.6299119427895753,-1.088386193502325,0.480924359082183,1.453423567768036,1.1038349157585094,1.47234865040951,1.3950859580208095,0.2042614761202199,0.848141495289268,1.0656590914692718,0.8981144273284294,-1.2042172808707376,0.49809164542651346
916838,1,1.6726962893494552,0.2299401996385875,1.6247328228267945,1.6239547653698734,0.5095159206797066,0.519665713746057,0.6815303984849457,1.2204174894100634,-0.04948393073288738,-0.1472792591888487,0.37676378625238394,-0.641029617510479,0.39887725562535387,0.4184100286865004,-0.6490904451392926,-0.13645307065354087,-0.04700311957644385,-0.0031840150389509355,-1.193437009446423,-0.16546144940318966,1.5772072153193004,-0.06409624690579181,1.6301288800659202,1.3702626066199681,0.38553248306673454,0.507178013108558,0.7210166517497772,0.7311255737505158,-0.580601809806709,0.4053911456764327
864729,1,0.2277493248396439,-0.5914203022627266,0.29293387321366,0.09394482251721313,1.4062324773371615,1.1755442628456685,1.0392748007175665,1.0859226216408262,1.233215622035681,0.6543922810829563,0.0860264881842776,-0.5001053657690925,0.07171918913204824,0.025515846522553343,-0.044843158553126684,0.010629494198419185,-0.06000118849044409,0.1473989109918751,-0.5428382061562693,0.018846360650765573,0.5449774764172317,0.28792807536204,0.6166943280420526,0.39328641934400194,2.4237260001970617,1.273527797434108,0.9747321499262563,1.371249512465851,1.080235280224996,1.2611750275155915
8811842,1,1.6467908656829446,0.5273687936418483,1.5912915434893644,1.670013390178232,-0.19853147245702002,0.5119267338156779,0.5032993163690522,1.0244997686438517,1.0055816168964702,-0.986269991852616,1.976712951758789,-0.05578169438767231,1.792619815588564,1.7909939156199437,-0.10252710310591986,0.35344501073798756,0.07790515242638861,0.861453431202566,-0.19067922088912168,0.07903613229110394,1.9968128002388403,0.4968397058667812,1.9274839282645404,2.013896646513209,0.10257286246729701,0.45874941871053,0.4433472818764824,1.0511875431081834,0.2546261090219766,-0.09259141700540267
877159,1,1.1517094356118533,0.5914303369656279,1.0771318736763846,1.0770085957706157,-1.6418864420528594,-0.3428435994946715,0.2866010942281455,0.25327230838442594,-0.16510755239089944,-1.3193783387586582,0.83557799710279,0.16722343802223488,0.7225915529976774,0.7718450759246945,-0.5085455857592823,1.5566935316615214,0.9224626057653373,0.42751553683416416,0.09940428222924026,0.4495209999654845,0.7442901292540138,-0.1512798407384793,0.6773790317560566,0.6291082576519937,-1.9789488465673188,-0.3736988525636798,-0.0855933135511677,-0.343324003576263,-0.8691642385766967,-1.0518154906388586
873701,1,0.466654898653019,0.2413797609464046,0.39994596709343483,0.33604046916614777,-0.04501359795726352,-0.3124681032679343,-0.2823279067417966,0.09733239280158981,-0.7143197552664551,-1.0305001457986467,-0.11673863851266722,-0.12324543192344262,-0.21509758194403758,0.02127292878860137,-0.7966466126969902,-0.15908115755384225,-0.39509774561479427,-0.3291231871895454,-0.6084949661213307,-0.5247308316787496,0.8177211066149328,1.184438615717032,0.6834475021274575,0.701805215325886,0.37226875085113614,0.6629348437400532,0.09381629691273953,0.61979967136524,0.8429728387918956,0.11994143608014794
853401,1,1.310020358018307,1.3395776464969082,1.3864637075476083,1.2612430950040499,0.7032066969177165,1.6360135687032134,1.8458025032420053,2.017061302633754,1.3271598146328152,-0.13483952839152763,1.5311303276593295,0.46893626422387413,1.343453928809033,1.3794308954266084,-0.2797219825056605,0.46941395610203274,0.6327007768044517,-0.03556743999181683,-0.05936570095899886,0.27156863163752776,1.4555215956926335,1.3801904584734428,1.6301288800659202,1.4128169233071246,0.7127045443848355,1.127587573775186,1.673305265329317,1.0944809495913461,0.8541947110218392,0.7705406751797994
873885,1,0.3457629215426365,0.7218413358747503,0.30463832098176036,0.17483528233689288,-0.4323951504332842,0.020501508236617918,-0.4385044952433494,-0.412583188543983,-0.3204767939938527,0.031023548906087918,-0.7050078332507174,-1.3495862609069993,-0.7375665542987603,-0.43377999817774104,-1.2224242365783813,-0.6501106432903855,-0.4521624384079665,-0.937607742053894,-1.0561546931558403,-0.47052265225111556,0.33307665603286446,0.39649632428576387,0.2131410483439258,0.17714595250381995,-0.12733182926974682,0.5006336084601759,0.44970239069400486,0.13274884842965898,0.422954192471136,0.7648882056828431
869104,1,0.5846684953560116,-0.27568841016695705,0.5629722038634039,0.46961048111038745,0.04394068446315637,0.1849548317571694,0.0836228186961603,0.29695666504175694,0.1636971216990714,-0.06434772054004093,1.0812563781271307,0.21782124117406282,0.8313162638172572,0.7234758137576427,-0.11336276119870982,-0.3429343636187922,-0.04224772851034614,-0.020994898763027247,-0.2169419248751464,-0.1493859203315465,0.777858576047577,-0.05751635303162688,0.6743447965703566,0.6379737402951513,-0.06985565633548617,-0.1950366056628471,0.04493084447025796,0.11728691754281512,-0.1910425309672261,-0.1474203711258771
8611555,1,3.2068730464883575,1.2938194012656374,3.3385983888700625,3.5353876949167526,0.6960329644644577,3.1412451651619095,3.153685264092447,3.6082308996674475,0.04807350004106035,0.6737429734343449,1.769298889176376,0.4839282058984897,2.2329302960569977,1.6976497254730016,0.3315366122581928,1.7812772941470143,0.8019926987575292,1.3763498879531322,-1.183886935269687,0.7699100328584656,2.892670724042058,1.316036493200333,3.1836572951444233,2.9944190268464386,1.0752465582778648,2.3180147793158996,1.8409823672070287,2.6700517069607344,-0.8916079830365847,1.1820404545582057
868826,1,0.2507763680987644,-0.3855081987220075,0.21810901069616093,0.0812787006949146,1.4421011396034598,0.5099919888330834,0.8456568625916678,1.006761272304208,0.5105679866731077,-0.10857787448607162,3.1950917642041,0.4427003662932968,2.7431000929796414,1.3136656705503538,0.9160247576163302,0.5293783863878316,1.0705137809565117,2.624730919886109,3.714107358123893,-0.35388160410337927,0.49042875037769196,-0.6891861649514744,0.4437429224571414,0.17413168840514628,0.3590050186355377,-0.2421563191311985,0.31526739647718083,0.8146200005394724,0.8061009728935079,-0.718885037268142
879523,1,0.29970883502439544,-0.5891323900011635,0.29878609709771015,0.19210726664002734,-0.5622397078372832,-0.15981672414121034,-0.15961773006200522,-0.19654418834772783,-0.8010374715099644,-0.4264821059731668,-0.47005776580822556,-1.5997642876021474,-0.4276273334103655,-0.2871871904697025,-0.5270299436822768,-0.35368270489643555,-0.3681505295735741,-0.5731322942093893,-0.6371451886515392,-0.3561247011831434,0.32678257225907115,-0.8849380077078858,0.3314762205862338,0.20622473557337678,0.7127045443848355,0.5215757033349986,0.30157946979328587,0.17294986873545307,0.8077040974977863,0.7468003032925834
84300903,1,1.615128681201654,0.45644351353337853,1.603832023240901,1.592289460814127,0.9327661354220256,1.0788070137159322,1.4034303929543561,2.1097250894826387,0.9152506624761484,-0.4085136059325912,1.226803832387548,-0.8036921846800584,0.8568985487159817,1.146706857719346,-0.31095417347899607,0.8269377291267969,0.20027721586063574,1.4216866828871446,0.23071780215936308,0.27568097628376226,1.5436387685257371,-0.014747042849553605,1.387390065209904,1.4819676879237538,0.5049060730071228,1.1197342881971273,0.8769612450412935,1.9943653272056583,1.1251227691447723,0.19172779869149126
854253,1,0.7660064610215852,0.5342325304265392,0.771980199722339,0.6322549999649035,-0.03568774576802562,0.5699690832935197,0.6007494044324184,0.31681319079508924,0.2901604578875219,-0.8826055685416068,0.21083253618645373,-0.5548259528814394,0.08106656246042845,0.11058634708828913,-0.430146412499685,-0.025575444842063363,0.15684464412361013,0.024341896170985002,0.8741540498169651,-0.4368761960546532,0.7967408273689564,0.5593486976713493,0.8108853799268657,0.6308813541806253,1.0310341175592026,0.8514136976134591,1.3193745896457514,1.0403641914873927,3.129028524491907,0.12107192997953953
90602302,1,0.409087290505218,0.41754900508679776,0.4710086856854729,0.4411117070102157,1.104935714300257,1.02463415420328,0.8238588165774937,0.9689014965345212,0.9730624733051539,0.7870827429210484,3.4597234992230406,-0.005183891235844371,3.2375269453492233,2.8962739853144166,0.34173487869846586,0.760750574943415,0.40983144884000694,1.552839553946251,-0.0462343489659867,0.7407497708215315,1.4597176515418295,0.33398733248119516,1.5269648837521133,1.551118452540383,0.8276568902533569,0.960705255241441,0.7337268693848223,1.5366921729550804,0.1472167605353704,1.1650830460673376
894618,1,1.7504125603489866,0.09266546394477423,1.6498137823298664,1.796674608401218,-1.1763112058363092,-0.35793461035891044,0.35327747027150147,0.7690124706176429,0.40578407954553397,-1.6566332625971418,0.679302229260524,-0.9922158512383498,0.5041581973239514,0.7398110470333575,-0.8253292370602575,-0.6608589845680288,-0.17603273050322757,0.10853880104843604,0.16267352365011792,-0.839138272359026,1.4366393443712542,-0.4259904099848711,1.317602655938799,1.3897666684349148,-1.219379115020703,-0.6524904905847595,-0.05088464231700584,0.4404412730778513,0.23057923995781093,-1.405094834198617
875263,1,-0.5004809182300415,1.7399622922705293,-0.4381760963008948,-0.496469174244933,0.48799472331992816,0.6028597479976301,0.2635208102131377,-0.06866816249626795,0.45998265219772705,0.8879827816104299,0.009855461753150196,1.1117157635230184,-0.09899336586521046,-0.11747048111162611,0.6285611223311395,0.7358596793530832,0.1784024169565863,0.22835747337403942,-0.21336064705887006,0.6872892904204857,-0.11799934775564105,2.2569613172059406,-0.1540014091257985,-0.18492035864273604,2.012550301513503,1.4214313424875447,0.838341737611733,0.4930118380931206,0.4870791766422444,2.05252075708945
8610862,1,1.7561693211637668,1.0787556486786636,2.1765139318943825,1.713193350936068,2.2957753015413562,4.667758956429147,3.6858140344384602,2.970174538793703,3.93953101646852,2.5535245161406444,1.8923168849149103,1.2541392094318669,2.8562525069547693,1.6212772062618672,1.0371291715945703,2.4273091751506226,2.444187746916596,2.287943300376305,6.9694888931188475,0.8050518871081043,1.5016782100337833,1.0034915341774922,1.9274839282645404,1.3294813864614432,1.3670486670210351,2.375605540221662,2.4300520691389313,2.1149683881230406,4.054031421160145,0.8734156200244012
863030,1,-0.27884562686100683,-0.8453785632962808,-0.18485840531986597,-0.3444757123773496,3.0992333363064373,1.3999746808266564,1.5278074790352316,1.26542561445095,0.39494436501509556,1.9315379762745888,-0.04199805389245305,-0.5471425827731989,-0.21312971387490492,-0.11280327160427903,0.011566002694632491,0.20805955240355006,0.7205169984917223,0.33684194696613995,-0.6084949661213307,1.2203986963777682,0.020470495267806782,-0.5296237385029715,-0.011392355397888906,-0.08154883102351844,2.3529860950472026,1.0241859803307478,1.7920969147645471,1.3078555958297913,0.3780667035513598,3.1830146564806783
859983,1,-0.08023737875109223,-0.7927565812803196,-0.05025725598671122,-0.18931572005419184,0.2943039470819173,0.4616233642682152,-0.12897224184207814,0.06556195159625819,-0.5553372754866893,0.3751894342986372,-0.4428793714008749,-1.1155245715120632,-0.4359907727041793,-0.3527402694592595,-0.7676452925074644,-0.2710901877103348,-0.45691782947406406,-0.41995869418233384,-0.9988542480954229,-0.26303617237293064,0.07501922130734731,-0.7829496526583269,0.10694281684441871,-0.10779065964726503,0.3590050186355377,0.6596626414158621,0.0336871904084871,0.37550116335310746,-0.5164768256356006,1.0633385951221266
853612,1,-0.6443999385995445,-0.12697411316532667,-0.572777245634049,-0.6024040113041574,1.0260246573144005,0.9182231801605705,0.4340584643240288,0.09547911706461212,1.7535219194967337,2.0794325535316287,0.28593073125939616,-0.3481245570426766,0.31081515953166716,0.02169722056199663,-0.5018529734078533,0.4920420430023341,0.3185279403709314,-0.22015296222315198,0.2581742654174798,0.6854200428540156,0.1274699194222898,0.4113010855026353,0.3830582187431374,0.027496605487319893,1.3582061788773037,2.1210281993995967,2.07563253893094,0.6275306368086618,2.965509814855581,3.1660572479898086
9011494,1,1.7619260819785467,1.7330985554858385,1.7584979401765124,1.6815280463803215,0.17593736160313334,1.214239162497563,0.9764451386767119,2.072659574743085,0.21428245617445202,-0.3794875674055093,2.0510959259262744,1.2672571583971552,2.1079706736670736,1.3497304712889449,0.4185405728267707,1.2048267803618324,0.8571552351242625,2.195650539260637,1.9736063394137204,0.16913386499496438,1.6737164998507947,1.347290989102618,1.6149577041374192,1.4145900198357562,-0.2290204429226697,0.577203142846247,0.4853887709770165,1.5645236485513991,0.576854154481796,-0.4447402666657698
846226,1,1.465452900017371,1.2686523663884386,1.70415586125319,1.3619963367723342,0.05757077612434938,2.740752953764801,1.5201140510302287,1.683471669977772,2.100392784470769,2.0808147458424417,1.9774281726642455,4.408068939229126,4.047304655797316,1.6170342885279154,-1.270547306343419,3.254365751356644,1.8037950833487748,4.71184265809831,2.897576016012948,3.367042601712071,0.9960534802057376,0.7106862567771464,1.3631161837243022,0.8135102966296716,-1.2945402642424284,0.8959156492224575,0.45410208141382824,0.969239309407911,0.42455731707541355,1.0237713086434341
884180,1,1.5316556493873417,0.9712237723851771,1.5662105839862923,1.4541135863890513,0.43777859614711023,0.9994824694295485,1.4995982430168886,1.0761267356025155,0.5864459883861776,-0.4071314136217783,0.4354119004998247,1.09859781455773,0.5873006232448066,0.43347238664202953,1.110429211634031,0.4003982910561131,0.2265903797597095,0.6137202303131425,0.15431720874547367,0.043146579014877465,1.1408174070029784,0.8077396914210813,1.1567881910966888,0.9642235015633506,0.5889097103725816,0.2840138145987265,0.36561941249293667,0.6553621124049811,0.014157418380320159,-0.45491471176029086
899667,1,0.4810468006899695,-0.008002675564022219,0.646575402206978,0.3130111567619685,1.987304806051192,2.558886925400897,2.6087341137380964,2.0117662290995324,2.0209015445808856,1.808522860612191,0.42146509284342104,0.2028292994994472,0.31179909356623337,0.23851031676693926,0.7021798581968591,2.271175375538542,2.1407937968995636,1.7860002136068847,4.161767085158403,1.3071317834619822,0.2407634273505654,-0.2384634345711662,0.3830582187431374,0.0746609731489181,0.9735579446249419,1.643941100532538,2.034568758879256,1.5382383660437646,2.138297519048283,1.1763879850612493
842302,1,1.125804011945343,-2.0305171147861993,1.3028605092040342,1.0107993226086003,1.5640545913088741,3.356001858229924,2.7202888198106336,2.6180521487679447,2.1798840243606525,2.1789503999101973,2.4762947542202207,-0.5818114478957475,2.82673448591778,2.406216987042971,-0.231598912740623,1.3349382800385663,0.6888143913844045,0.6590570252471545,1.1296185340446585,0.8820648868466736,1.9233818228779205,-1.3636252870533954,2.3613795598196687,2.0316276117995242,1.2918875177993103,2.697590248922064,2.1553158264121848,2.340712579070961,2.709009878171148,1.9620812451381526
89122,1,1.5316556493873417,-0.24594555076663113,1.4867875455598973,1.4253269458838271,0.5095159206797066,0.7750520514485605,0.9572115686642053,1.2291543607415296,0.2793207433570835,-0.5564081831896311,0.2444479187429136,-0.41352690259818725,0.029410025645696003,0.27966661878627275,-0.4690273033032251,-0.1952860965943248,-0.04478393707893157,0.5165699554545452,-0.5177692614423366,-0.6985708553604719,1.5897953828668863,0.49848467933532215,1.384355830024204,1.3383468691046008,0.8320781343252226,0.7951318176373726,0.785056594449428,1.7191429574198378,1.0882509032463845,-0.35712698946294996
88995002,1,1.9144802435702202,2.714612915696602,1.8421011385200865,2.2140808957269673,-0.13683737335898716,0.19656330165273783,0.6251119264482597,1.0125858531918521,-0.16872079056771191,-0.8577261069469646,2.75165480282101,0.7519091633322438,2.4134821913999196,3.388452442452838,-0.8205487996663795,-0.6031573629722599,-0.3351798181819634,-0.4079768269497736,-0.8233716350978952,-0.5737051179202671,3.4150796772668857,3.5433305696052124,3.2534447044155286,4.537013006755859,0.3147925779168755,0.07197510399114489,0.35779774010213966,0.8022504558299974,-0.06920506104212037,-0.11350555414414011
862028,1,0.28243855258005546,0.13155997239135414,0.3623245278388263,0.16044196208428083,0.5238633855862264,0.989808744516575,1.0520971807259043,1.0573292245560277,0.1420176926381946,-0.014588797350757606,0.26554693545388325,-0.47105847877452456,0.4244595405240785,0.15195479499432032,0.6770028879224352,0.6623183969271035,0.5283991994213758,1.086518234624983,-0.6669891704538399,-0.11723486218826012,0.4232918567905655,-0.2285935937599188,0.5074618613568455,0.26916966233979567,0.9779791886968077,1.0922477886739224,1.2186705576142391,1.5073145042700768,-0.12371129758756266,-0.10446160294901066
888264,1,0.9415876658723797,0.8705556328763806,0.8096016389769475,0.8153380335781288,-0.7157575823370397,-0.7978956194009508,-0.7570124146504569,-0.5253682548229104,-0.9094346168143496,-1.3649906850155027,-0.006594619072351483,0.18971135053415833,-0.13097122198861624,0.09403896792587664,-0.4460812038126112,-0.8135985711450641,-0.619552203934605,-0.668501480695579,-0.7708462271258462,-0.8432506170052604,0.763172380575393,0.9623671974639603,0.6500709150847547,0.6113772923656786,-0.39702771765358597,-0.6858669542915083,-0.7328367038896231,-0.48959386976580577,-0.7361048964216468,-1.07612110947577
869691,1,-0.6559134602291046,-0.6120115126167993,-0.5284675505119553,-0.6271605221386503,0.8968974731557274,1.2742162569579998,0.9995254226917196,0.6866740771604917,3.1157127121551844,1.487854244503469,-0.29625908578227284,0.393976555850796,-0.2765934591044334,-0.323676282981689,-0.5413712558639105,0.6159308187814853,0.4592875159274228,1.0735648646438367,4.263236623286224,0.2996073451345799,-0.5187226813538017,0.12507570197645398,-0.4504461867687081,-0.49911306351624085,0.2440526727670164,1.0196048970768803,0.8769612450412935,1.1207662320989806,4.589475038988899,1.0633385951221266
874217,1,1.2179121849818249,-0.15442906030408948,1.1272937926825286,1.1259458846294967,-0.7688432024911613,-0.37650816219181954,-0.08024719781039505,0.2628034407460254,-0.7034800407360167,-1.2018919923395148,-0.5179775664738175,-1.3868787158226057,-0.5048661551238226,-0.23457501056869878,-1.3575512669119962,-0.9198940093592305,-0.5669258761364572,-0.8226465834712202,-1.179111898181319,-1.0268107280326275,1.0694844575666567,0.12178575503937152,0.9838367855117769,0.95181182586293,-0.4235551820847834,-0.058258548511660124,0.40472777444692193,0.6661854640257715,0.47265105520374484,-0.8370216497545256
856106,1,-0.2299131599353758,0.23451602416171452,-0.18026022941096942,-0.30129575161951344,0.5382108504927451,0.7634435815529923,0.134912338729511,0.35387870553464296,0.5719930356789257,0.6737429734343449,-0.11495058624902572,-0.7324804617256344,-0.20476627458109115,-0.18344785187457832,-0.6545082741856875,-0.22470260956471677,-0.32186472319688986,-0.36264003201576134,-0.40316837132150224,-0.1931263133869476,0.2449594831997607,0.3915614038801399,0.19190140204402428,0.06029889126700297,0.8851330631876175,0.7787708060164172,0.4663234445244486,0.5440362100197053,1.3271164692837634,1.0463811866312585
908489,1,-0.028426531418071208,0.08351381489852024,-0.021414152558178273,-0.1449842936761468,0.6745117671046782,0.17721585182679056,0.31609256824732224,0.4346285769315276,-0.530044608248999,0.3447812034607415,-0.6499358235305595,-0.4918597978480537,-0.6106390638397033,-0.44820591847317753,-0.5773838842311241,-0.42609258297740044,-0.32186472319688986,-0.36150661214241103,-0.995272970279147,-0.36920943414843427,0.17362653376343895,0.8521539750716955,0.21617528352962626,-0.006901467168131712,1.2520963211525138,0.6766780935016556,0.6643095269164987,1.0620108947289741,0.4293666908882471,1.20465033254603
88725602,1,0.417722431727388,3.272863507518108,0.5044499650229024,0.27357345926981136,0.6960329644644577,1.156196813019721,1.1174913187684263,0.9471916950442112,0.9947419023660318,0.4912935884069685,-0.5744800180048886,0.11662563487040736,-0.46255699163747027,-0.3597410837202802,-0.5675043136171098,0.006669578990866382,-0.09867836916137199,-0.2557747296713043,-1.2678082120977563,-0.1774246338285985,0.4778405828301053,3.934834255118035,0.5924204465564511,0.28690062762611085,2.445832220556393,1.9829412613187332,1.4630978198266469,1.351149002312954,0.9632071841127238,2.046868287592494
90524101,1,1.125804011945343,0.32145669010112915,1.0938525133450991,0.9840277469387421,0.5023421882264468,0.5080572438504883,0.41226041830985466,1.0597120076464275,0.6370313228615572,-0.3117601441756494,0.18293892087364638,-0.64177921459421,0.10714081437643624,0.20859774674257836,0.03355601470647068,0.1288612482524948,-0.2191482761691799,0.48580570174932275,-0.76726494930957,-0.18602317263436113,1.0212298153009094,-0.03448672447204901,0.9504601984690748,0.8436529376164074,0.672913347738039,0.7859696511296375,0.2888692521582407,1.2893012787655787,0.23859486297919946,0.047589826519109237
915460,1,0.39757376887565804,1.0741798241555367,0.5086301249400809,0.23442362818270654,1.5568808588556142,1.6031229039991028,1.4752357210010472,0.979226889926254,-0.03141773984882302,1.0897828589891947,-0.24833928511668085,1.3965626553407153,0.04613690423332356,-0.15820249135756434,0.7687872858848909,1.3553035582488377,0.8936132332976781,1.3941607716772086,0.05762270770601941,0.8099119307809266,0.18831272923562292,1.7618243031750174,0.3314762205862338,0.0641997036299922,1.7782243657045935,1.5922403038103186,1.564779560907008,1.5815317725269273,0.16324800657814748,1.2724799665095041
846381,1,0.5098306047638701,1.0741798241555367,0.5044499650229024,0.3823869603795586,-0.9029919993671163,-0.07623574089311841,0.1465807045370982,0.14366428622603183,0.11311178722369183,-1.3221427233802858,0.0027032526985842314,-0.2581729069949828,0.029410025645696003,-0.07207126135834065,0.8424060217506105,0.32911981732016343,0.5867319964988408,1.3148213805426874,1.1033558300586337,-0.31088891007456615,0.1316659752714851,0.3356323059497367,0.15852481500132223,0.005864827838015296,-0.8789433214870035,-0.3992220306923703,-0.1897193272536534,-0.0326938120595702,-0.1637894126945054,-1.2049974140063702
901288,1,1.8885748199037098,-0.43584226847640534,1.8044796992654792,1.9722731154830848,-0.1533369580014839,0.0669353878188913,0.8302700065816626,1.090688187821626,-0.8841419495766603,-1.1286357998664014,0.7551156452389232,-1.0461868412669661,0.6276419186620261,0.7858467044467358,-0.29151372807722586,-0.36725955703661634,-0.16461979194459314,0.08425123233378655,-0.9320037288582694,-0.7935286317371549,1.9212837949533232,-0.4029607814252932,1.8212856967650333,1.9021915652094235,1.0266128734873368,0.34095013503965116,0.708306434114732,1.5026759250040238,-0.3561643652078305,-0.7708877566401386
879830,1,0.8437227320211177,0.2299401996385875,0.7552595600536245,0.7324325089230833,-0.6368465253511834,-0.6017124781658457,-0.23655201011203109,0.15054788182052045,0.7598814208731952,-1.481094839123833,0.6553423289277279,-0.6753236840911623,0.621246347437345,0.604249825433594,-0.6653439322784773,-0.5890148086595715,-0.3976339541833796,-0.09223843365933193,0.2832432101314121,-0.46827955517135145,0.7526822409524044,-0.09370576933953463,0.7046871484273586,0.5971925201366265,-0.967368202924328,-0.6858669542915083,-0.3803725917793312,-0.06825625309931099,0.583266652898907,-1.1021224691617684
88206102,1,1.8511558746076393,1.9573139571190665,1.787759059596764,1.9262144906747263,-0.3592230794100354,0.06306589785370174,0.8648904326041743,0.9315712281182567,-1.3285702453246422,-0.9710658764336682,0.43433906914163994,-0.05015971625969124,0.4544695285783516,0.6371324378717215,-0.6710804571511307,-0.2727872942278575,0.08139243920819354,-0.14405191358391736,-0.905741024872245,-0.35388160410337927,1.7324612817395297,1.9345465173718515,1.6968820541513243,1.7709824220906911,-0.47218886687531136,0.148544638377216,0.7019513252972096,0.6538159193162965,-0.7601517654858124,-0.05132838967762242
873592,1,3.78254912796637,0.5982940737503188,3.7816953400910047,4.606250721711088,0.918418670515506,1.6882516832332706,2.5535978797022447,3.695599612982109,-0.05671040708651332,-0.7250356451088725,1.5504412921066575,0.4970461548637786,1.4644778150606923,1.8822166468999095,-0.7950531335656976,-0.004078762286776801,-0.028932633525272613,0.09882377356257613,-0.5750697065027539,-0.406220535964543,3.5472554365165396,1.189373536122656,3.4597726970431424,4.154024156571451,0.6287009070193768,0.9816473501162637,1.285643627460439,2.3932831440862294,-0.08844255629345253,-0.19037913930274356
843786,1,-0.46881873374875094,-0.8133477916343914,-0.3788178254769578,-0.4973327734600896,2.2383854419152796,1.2742162569579998,0.8956641446241845,0.8651180552637713,0.9802889496587799,1.822344783720326,-0.24333273877848463,-0.6101087378065845,-0.30807934821055605,-0.27127624896738284,0.12247215023259972,0.4530085930993142,0.1495530444889272,-0.06957003619232595,0.1292482640315409,0.4667180775770097,-0.1557638503983996,-0.3075523202498998,-0.10241941096889497,-0.2333258938743764,2.0390777659447012,1.7767925148946955,1.2929764453268109,0.9290382891021172,1.7214851219360796,2.2729670674707396
871201,1,1.586344877127753,-0.25280928755132204,1.6330931426611515,1.6239547653698734,1.104935714300257,1.208434927549779,2.0881454853995876,2.128257846852415,0.7634946590500077,-0.29379164413507475,1.193903670736545,-0.3143926882747914,0.9587357212935971,1.2111992072754147,-0.9779845378380917,-0.15116132713873687,0.262731351862052,0.19921239091646026,-0.44256242730053913,-0.19275246387365352,2.2066155926986104,0.12672067544499552,2.0670587468067496,2.4092971723980376,0.47837860857592596,0.8586125427266794,2.004259778364917,1.711411991976416,1.1732165072731036,0.4545676302999516
86135501,1,0.11549248895143187,0.5044896710262132,0.10942485284951492,-0.00479335441570536,-0.15477170449213626,-0.0903593792660598,0.41610713231235585,0.03087921994710451,0.9369300915370252,-0.9102494147578757,0.06385464011512319,1.881926767056396,0.22521289852439624,-0.02348985330459128,0.7149276912472002,0.2482244066515852,0.6881803392422581,0.9407928223370874,0.4312693598708235,-0.2185480802909414,-0.0005097839781697677,0.5971830874477986,0.049292348316115134,-0.11399649749747534,-0.10522560891041571,-0.36519112652078306,0.31233426933063174,0.13120265534097456,0.1744698788080911,-0.8890243691265224
85922302,1,-0.4026159843787794,1.0490127892783376,-0.37380163357634316,-0.43429003075364886,1.1192831792067757,0.4267979545815102,0.31865704424898966,0.5431775843830772,0.3226796014788382,0.4083620497581607,0.08209277320426636,-0.07077363606228794,0.041217234060492006,-0.07461701199871174,0.2088387191486602,0.05871417886155995,-0.07204817919122494,0.1781631646970975,-0.5034441501772324,-0.08695305161144398,0.1841166733864276,1.2913618911722142,0.15245634462992175,0.026787366875867125,2.3043524102566733,0.9993172426668958,0.642311073317382,0.8903834618850075,0.756404110160899,1.068991064619083
911157302,1,2.020980318643653,0.2894259184392393,1.9424249765323756,2.1133276539586827,0.017397874386095042,0.2584751410957689,0.8879707166191821,1.7814305303608782,-0.9455669985824783,-0.8756946069875392,0.9360665343194419,0.27216702974454426,0.8357439669728055,0.8891617512684649,-0.5286234228135697,-0.26543316598525946,-0.0048386521237109,0.4631373042823165,-1.2268622690649997,-0.6088469721699056,1.9863226606158517,1.0610656055764367,1.8637649893648356,2.0369469013854187,0.16889152354529036,0.371054396422209,0.8256315199766878,1.7624363639030005,-1.031079823608745,-0.561746385252762
886226,1,1.5460475514242922,0.017164359313176693,1.4575264261396463,1.494414883096365,0.495168455773187,0.2836268258695005,0.6404987824582651,0.9980244009727419,-0.14342812333002164,-0.8950452993389278,0.691460984653286,-1.089850871394284,0.46922853909684675,0.6581348806547833,-0.789316608693044,-0.42100126342483263,-0.14306201911161698,0.14092222600130194,-0.8257591536420792,-0.47986889008346617,1.990518716465047,-0.17266449582951565,1.7090189948941255,1.948292074953843,0.7392320088160323,0.41032082431250194,0.7855454489738528,1.3279561059826883,0.749991611743788,0.30025521303304853
88299702,1,2.6283185846029555,1.7651293271477284,2.586169603777896,2.936625572408092,-0.10814244354594876,1.2393908472712942,1.372656680934346,1.9985285452639776,0.33713255418608906,0.01996601041957881,2.343978886710751,-0.47274507221291884,2.1665147487237704,2.457131999850394,-0.2223567337791259,0.18034014595068062,0.4110995531242998,0.8679301161931394,-0.5571633174213735,-0.29182258489657065,3.104571544426426,1.4624391319005061,3.010705889559512,3.6717419007836782,0.6684921036661733,1.0418558728813798,1.52029379918435,2.2463948006612124,0.30752922096314134,0.14594279576614627
887549,1,1.7935882664598373,1.7857205375018004,1.7250566608390836,1.8369759051085317,0.2440878199091004,0.09015232761002787,0.8200121025749925,1.1944716290923758,-0.006125072611132721,-0.9987097226499371,-0.01732293265420043,-0.34250257891469593,-0.12605155181578448,0.26227065607707006,-0.6637504531471848,-0.5465871457215061,-0.343422496029866,-0.5852760785667139,-0.9248411732257175,-0.7258618698309359,1.703088890795162,2.2273517947721966,1.6847451134085243,1.7213357192890086,0.8497631106126879,0.2689616839074474,0.5269414055531259,0.8610057932000039,0.38447920196847085,-0.2372946361274793
89263202,1,1.7302638974972562,1.0535886138014647,1.8002995393482994,1.718950679037113,0.8179864161698711,1.5412110645560715,1.79964193521199,2.1123726262497495,1.5656335343024643,1.6233090909631889,2.3940443500927127,0.9880322447074399,2.4405403773504943,1.926767283106405,0.2671600553539708,1.2376375063672698,1.4103657291469598,1.224147790674663,0.8108848083960873,0.7829947658237566,1.5667170756963118,0.6267926098815414,1.5785468819090172,1.458917433051544,0.07604539803609894,0.5608421312252916,1.0861909814951143,1.2104454312426751,0.6137260203801836,0.5936183799250719
896839,1,0.5616414520968916,-0.8568181246040988,0.5922333232836549,0.4126129329100439,-0.1210551619618161,0.6376851576843351,0.41610713231235585,0.5876562020705416,-0.1217486942691448,-0.4403040290813008,-0.2340348670075489,-0.8773400981566076,-0.10538893708989157,-0.14229154985524467,-0.41006857544539793,0.3964383758485603,0.1631851655450739,0.45180310554881364,-0.7039957078886926,-0.26640081799257687,0.5344873367942439,-0.5987126241817046,0.5317357428424471,0.34895900612821396,0.46511487636032633,1.2722189165044313,1.0979234900813097,1.3001246303863694,0.17286675420381356,0.3986081822800856
914062,1,1.1315607727601238,0.29857756748549336,1.1189334728481717,1.0280713069117349,0.25126155236235925,0.47903606911156743,0.372511040284008,0.7785436029792423,1.0850728567863537,-0.30070260568914225,1.2597039940385515,0.13536556196367688,1.2347292179894533,1.0556962723260772,0.2776770176205022,0.08813069183195192,0.17015973910868376,0.7578264713533956,1.0030800512029034,0.06071750613969679,1.1156410719078065,0.0724365509831333,1.1112746633111859,0.9801813703210343,-0.09196187669481728,-0.13548252336256955,-0.08119362283134429,0.5393976307536522,0.5447916623962418,-0.44869699531363916
8810955,1,0.03201945713711982,1.0421490524936468,0.05173864599244902,-0.11274325631029569,-0.14114161283094226,0.5119267338156779,0.3019879502381508,0.43436382325481626,1.5150481998270846,0.19135785696044796,0.06492747147330817,1.1791795010587887,0.3398412135513738,-0.19044866613559894,1.1964770847238335,0.6594898860645657,0.15462546162609808,0.7238238751528863,2.9154824050943287,0.34932933040268527,0.13586203112068043,1.51836822983091,0.2495518705723283,-0.10974106582875974,1.0133491412717384,0.9980083617372191,0.5054318064784339,0.9769702748513329,2.9061942044973055,1.0407287171343023
881972,1,0.8552362536506778,-0.04003344722591204,0.9099254769892366,0.705660933253225,1.2555840958187088,1.026568899185875,1.3213671609009952,1.609340640498665,1.1392714294385466,0.04208108739259511,-0.38137037353160774,-1.0058959980164364,-0.3395652373166787,-0.16965836923923455,-0.5079081941067655,-0.30333521154326454,-0.04605204136322424,0.33036526197556676,-1.05018589679538,-0.559872685928388,0.7086236545358525,-0.12002534483619497,0.8108853799268657,0.5599574930353646,1.6500082876204738,0.9162033036324425,1.1282324705956484,2.169085146226994,0.3171479685888074,0.36299762444926165
908445,1,1.3647095857587186,0.6211731963659538,1.3404819484586428,1.324573704115543,0.37321500406777364,0.6725105673710401,0.9161799526375247,1.0385317135095398,0.45998265219772705,-0.22468202859440192,1.4896475151428472,1.3403428740609067,0.8116375831259306,1.356094847889873,0.3022165962424084,0.8733253072724151,0.6723290356885991,1.0589923234150471,0.38948778534760264,0.2547454035392966,1.3527182273873464,0.8735386301627319,1.16892513183949,1.294019455888813,0.2661588931263475,0.607961844693643,0.5875593665818027,0.8780139171755325,0.15362925895248142,-0.05924184697336108
894326,1,1.1920067613153145,-0.08807960471874594,1.1314739525997077,1.085644587922183,0.06187501559630548,0.14625993210527488,0.3212215202506573,0.8283172942009287,-0.03141773984882302,-0.8715480300550986,0.005564136320410697,-1.2470788597068152,-0.14573023250711115,0.1892924710530971,-0.7345009265765776,-0.5007652697483954,-0.251167909347571,-0.05985500870646632,-0.9331974881303616,-0.5168799918995749,1.180679937570335,-0.10193063668224109,1.0354187836686808,1.084794065510294,0.46069363228846055,0.14985351930689228,0.5587169496407386,0.9831550472060706,-0.15898003888167192,-0.1248104931380527
8711202,1,1.0365742193162513,0.3397599881936372,1.0771318736763846,0.9034251535241146,1.0690670520339587,1.2065001825671844,1.2508440708551378,1.5140293168826697,0.5611533211484873,-0.17768749002674444,1.46175389983004,0.3452527454082952,1.3267270502214055,1.1441611070789748,0.6091206769293693,1.3632233886639433,0.6358710375151836,1.0703265221485503,-0.33273657426807274,0.42409923306149083,0.8932501119004499,-0.08383592852828722,0.7926799688126647,0.7603174007707261,0.3899537271386015,0.6308672609629805,0.4267262280460386,0.5795986510594461,-0.7184705257745923,-0.3848240899980345
857637,1,1.4769664216469311,-0.1567169725656526,1.4157248269678593,1.445477594237484,0.6242956399318612,0.43647167949448384,0.5686934544115742,1.1047201326873142,0.36603845960059284,-0.46103691374350225,1.1620763404437262,-0.04266374542238343,0.9808742370713395,1.3263944237522094,-0.21279585899136996,-0.13475596413601812,-0.08092490918127393,0.5797176341126334,-0.24439838813326312,-0.45818561831241267,2.0828319451473463,0.41459103243971773,1.9214154578931395,2.2550377744070955,1.3007300059430418,0.6393749870058775,0.571427167275784,1.4702058701416518,1.0032852992196664,-0.07054678596727368
877500,1,0.10685734772926135,0.22078855059233268,0.11945723665074359,-0.02062600669357861,0.15226404450737674,0.3184522355562055,0.38533342029234546,0.30675255108006755,0.48527531943541735,0.23697020321729156,-0.691418636047042,-1.0585551931485238,-0.6873859185358774,-0.43611360293141455,-0.9821275835794525,-0.5358388044438628,-0.380514546345428,-0.7280869826088522,-0.6383389479236314,-0.6944585107142377,0.44427213603654203,0.7402957792108892,0.33754469095763434,0.30285849638379453,0.9824004327686746,0.9960450403427047,1.1033008898499828,1.0790190187045021,2.952684818021359,0.9672466136738727
87164,1,0.39757376887565804,-1.6850423632901033,0.4542880460167579,0.2505441468656321,2.0877370603968277,0.9936782344817645,1.4778001970027146,1.6278733978684419,0.5430871302644229,1.0704321666378063,0.06564269237876467,-1.0446876470995043,-0.018802742048054228,0.09891832331992143,-0.5522069139567004,-0.126270431548405,0.349596495336103,0.2267383021263962,-0.3160239444587846,0.12501962242626918,0.5407814205680365,-1.411329517641092,0.5529753891423486,0.40569809504442256,0.8895543072594845,0.6864947004742289,1.5251823444285981,1.0620108947289741,0.48868230124652196,0.9502892051830046
888570,1,0.9243173834280388,0.6577797925509706,0.9517270761610237,0.857654395120808,-0.4740027986621899,0.44808014939005203,0.11567876871700448,0.7110314154179127,1.05616695137185,-1.1479864922177898,1.5457923562211897,0.7818930466814751,1.6248590626950044,1.081153778729789,-0.13025363999041173,1.9441995198291853,0.45580022914561785,1.5690312664226838,0.8240161603891,0.7493483096272943,0.8764658885036687,0.2665434202710031,0.9443917280976748,0.7479057250703055,-0.8656795892714051,0.2179153276500668,-0.20145183583984888,0.599699161212343,0.24981673520914308,-0.5283968152207204
849014,1,1.6496692460903342,0.6623556170740976,1.603832023240901,1.7563733116939042,0.12285174144901168,-0.027867116328250247,0.7687225825416418,1.2381559857497069,-0.8443963296317181,-1.2433577616639186,1.2718627494313135,-0.3724864622639272,1.4866163308384346,1.536418851582829,-0.20132280924606313,-0.3683909613816315,0.060468718517363934,0.5521917229026975,-0.8365029870909076,-0.6866076709350631,2.3303992402498745,0.8653137628200254,2.428132733905074,2.7036311961508694,0.8055506698940257,0.4031219791992816,1.301286972242033,1.9294252174809141,-0.2295175214698913,-0.45434946481059546
88119002,1,1.569074594683413,3.0234810710076805,1.5202288248973268,1.649862741824575,-0.8893619077059233,0.1714116168790065,0.3404550902631638,0.4806957166792583,-1.4008350088608996,-1.3566975311506222,1.2039167634129369,0.19720732137146613,0.9242980300837756,1.4833823799084302,-0.5056773233229558,0.05645137017152988,-0.1700092351528372,-0.16510113980328012,-0.8651532096211161,-0.5897806469919101,2.452084859876541,3.25546021261049,2.2278732116488595,2.8437058219127596,0.3457412864199393,1.0228770994010714,0.6281342921090626,0.7496798908147285,-0.31768937470516534,-0.4809160714462892
892438,1,1.569074594683413,-0.08121586793405586,1.5829312236550075,1.6325907575214407,1.3201476878980463,1.1620010479675058,1.689369467140286,1.5352096110195579,-0.08561631250101609,0.3558387419472487,2.5335124266567486,-0.10263151212084592,2.161595078550939,1.9734393781798758,-0.34091158114729764,0.3726788846032439,0.7728263002187968,0.8954560274030754,-0.2061980914263182,0.35643247115527177,2.0387733587307943,0.1020460734168761,1.9517578097501416,2.091912893772996,0.7303895206722997,1.0353114682329976,1.6674390110362194,1.2985784372976852,0.09110739938565056,0.8536319767850545
867739,1,1.258209510685286,0.6074457227965728,1.1941763513573882,1.2238204623472586,-0.16481492992669985,-0.1364063098518144,0.3507129942698339,0.5362939887885888,-0.4469401301823032,-0.7844699144738511,0.691460984653286,-0.025797811038441063,0.4539775615610685,0.6019162206799203,-0.3584398515915164,-0.6348366846326821,-0.10945725557786007,-0.42934988741866503,-0.6741517260863922,-0.6088469721699056,1.3233458364429784,0.9492074097156304,1.17802783739659,1.2709692010166032,0.597752198516313,-0.16951342753415663,0.6134686563763181,0.3693163909983697,0.3171479685888074,-0.4571756995590732
8712729,1,0.7775199826511462,-0.10409499054969086,0.7385389203849094,0.6806165560136799,-0.5701308135358687,-0.23836737043455633,-0.047806576389300706,0.4645457423998814,0.2793207433570835,-1.0512330304608482,0.7025469086878632,0.32838681102435285,0.6325615888348577,0.5804894861234634,-0.31955896078797635,-0.04198080784478189,-0.18205622585361805,0.6865829364570905,0.040910077896731324,-0.1273287990471989,0.805132939067347,0.11191591422812411,0.7259267947272597,0.6858473465682023,-0.7153572908279536,-0.2716061400489182,-0.19167474535135257,0.5162047344233864,-0.16218628809022698,-0.6731000343427977
886776,1,0.357276443172197,-0.45414556656891414,0.4835491654370089,0.18260767527330318,2.64728819175108,2.404107326793319,2.0112112053495617,2.0117662290995324,2.1040060226475825,1.7988475144364968,0.9178284012302986,-0.29377876847219514,0.5991078316596026,0.4133185274057581,0.9638291315551089,1.1561763935261842,0.5651742236658647,1.5334094989745317,-0.2061980914263182,1.8043516361430378,0.3183904605606805,-0.4868544283208982,0.3951951594859379,0.0985977762854436,1.9241254200761786,1.2885799281253867,0.8402971557094323,1.6835805163800965,0.5560135346261854,1.9733861841320643
913505,1,1.5431691710169027,-0.09951916602656385,1.5244089848145055,1.4886575549953203,0.8825500082492077,0.7866605213441291,1.7650215091894783,1.884684464278206,0.026394070980182517,-0.2481792978782302,0.5841778488347965,0.36024468708291085,0.3875620142278409,0.5889753215913671,-0.5856699757138457,0.1633690807754546,0.3346962699956636,-0.006422357534237665,-0.4055558898656862,-0.23275436179611453,1.6254618575850475,0.7847100628615035,1.429869357809707,1.536933680311331,0.8143931580377585,0.7794252464812553,1.5770009240176288,1.4222738843924356,0.5688385314604074,0.33360478306509017
865423,1,2.9276701469715216,0.2162127260692057,3.117049913259591,3.1985840010056306,3.450746226516159,3.5320636516460437,4.344884366867016,4.050369539774979,3.0326082340884897,0.8050512429616221,3.9568020285153738,3.568520205450652,3.425950312968676,4.094898245155831,5.164240121642487,4.108010329670519,3.0370264998234404,1.0395622684433279,2.9727828501547453,2.2585787947952807,2.0576556100521732,-0.26807295700490963,2.2491128579487616,2.127374824345626,1.61905957911741,1.119079847732289,1.5119832722691284,1.7129581850651001,0.498301048872188,-0.2316421666305238
919555,1,1.8626693962371992,0.36721493533239996,1.9298844967808402,1.8945491861189798,0.5740795127590433,1.3496713112791938,1.545758811046904,2.2235691704684104,1.1248184767312948,-0.06020114360760121,1.058726919605248,-0.422896866144822,0.916426557807245,1.0141156785333487,-0.8119440123573995,0.04061170934131867,0.2551227261562958,0.39027459813836857,-0.1297974980124284,-0.42790380773559655,1.6967948070213694,-0.02297191019226007,1.6210261745088193,1.6592773407869055,-0.2732328836413319,0.3933053722267084,0.8422525738071316,1.5583388761966614,0.26584798125192016,-0.4803508244965938
881094802,1,0.9617363287241103,1.4425336982672678,0.9559072360782022,0.8582301279309127,0.28713021462865745,0.2023675366005219,1.0290168967108961,0.47010556961081446,-1.8344235900784442,-0.5923451832707815,0.4543652544944244,0.8456087987985915,0.4544695285783516,0.3935889599428817,7.650067566458992,3.4003169118635888,3.5442682135405272,4.447917744732454,0.1411858567524611,3.262364737989743,0.3897234099970023,0.4030762181599288,0.4134005706001394,0.2620772762252696,-0.3837639854379875,-0.4849537315861765,0.045419698994682726,-0.06361767383325792,-2.097157685453421,-0.9048512837179988
87281702,1,0.6854118096146642,0.19562151571513378,0.7385389203849094,0.5268958957157833,0.12285174144901168,0.995612979464359,1.1713453148034443,1.0708316620682936,-0.07838983614739015,0.039316702770967354,-0.35347675821880037,0.1278695911263691,-0.17770808863051693,-0.1779320588204408,-0.15893626435367905,0.8767195203074601,0.6881803392422581,1.0249897272145383,-0.44733746438890704,0.2805410199565846,0.33097862810826645,0.46558520996449687,0.5074618613568455,0.19150803438573527,0.37668999492300187,1.395908164358854,1.5408256892101926,1.383619057175326,0.22897611535353338,0.6218807274098527
875938,1,-0.08887251997326275,0.6943863887359875,-0.04189693615235429,-0.1754981326116844,1.6788343105610277,0.43647167949448384,0.6481922104632678,0.45130805856432654,0.0661396909251247,0.8050512429616221,0.7744266096862511,1.6795355544490849,1.014819961263878,0.20626414198890483,2.12706889739873,0.45470569961683693,0.46435993306459367,1.424925025382431,0.7547781226077624,0.17661085526084494,0.03725471866458877,1.3801904584734428,0.14638787425852126,-0.11754269055473837,1.8003305860639247,0.38479764618381146,0.5372073505660468,0.823897159071579,0.27065735506475364,0.5167447947664685
866083,1,-0.13492660649150376,1.2434853315112397,-0.16186752577538263,-0.22242035663519952,-0.2882031281227656,-0.4937537081370601,-0.45004463725085325,-0.4597093429985583,-0.1976266959822147,-0.22744641321602874,-0.613459557352273,-0.3949743747758506,-0.5368440112472285,-0.42741562157681323,-0.9681049672240775,-0.7751308234145515,-0.44518786484435646,-0.7965779263841634,-0.8758970430699443,-0.8854956120074854,0.14215611489447375,1.64832113384567,0.19493563722972476,-0.04342725565794082,0.624279662947511,0.2290408155523163,0.5308522417485242,0.29200673656415044,0.8958759507330594,-0.29325408414734533
927241,1,1.8770612982741497,2.3050766208767257,2.0260281748759494,1.7707666319465163,1.521012196589316,3.3443933883343555,3.378076914238356,2.747781450356382,2.100392784470769,0.9971759741646927,1.1567121836528016,0.7106813237270508,1.4408633982311003,0.9810209202085237,-0.19239932611082433,2.0443288043630194,1.2417078593360282,0.7837332113156878,0.3190559882941731,0.8790740907403216,1.9989108281634376,2.27012110495427,2.3613795598196687,1.6805544991304837,1.4156823518115642,4.02283219021945,3.2640378878076652,2.334527806716223,1.8850038315724058,2.2503571894829153
852552,1,0.7401010373550747,0.4861863729337044,0.7678000398051605,0.7332961081382402,1.1121094467535169,0.8040732261874813,0.827705530579995,1.1513167797884671,0.6478710373919966,0.04899204894666163,1.4456614294572663,-0.5885578216493246,1.2849098537523365,1.3285158826191852,-0.34346114775736564,-0.3746136852792144,-0.14559822768020242,-0.08090423492582907,-0.7028019486166006,-0.3860326622466655,2.1499688387344724,0.9771719586808317,2.1307776857064535,2.379154531411302,2.1009751829508274,0.6832224981500378,0.970332459206433,1.476390642496389,1.1251227691447723,0.6473168401461555
873593,1,2.018101938236262,1.6736128366851868,2.1347123327225956,1.9031851782705471,1.2555840958187088,3.464347577255228,2.0612184873820785,2.6842405679457193,2.093166308117143,1.5251734368954333,0.8126909281281791,-0.8486680097039053,0.7727721887605601,0.8800394781404681,-0.9155201558914206,1.2529114650249733,0.21295825870356283,0.6266736002942889,-0.3088613888262324,0.5463480239086377,2.196125453075622,1.2930068646407553,2.1156065097779524,2.1557443688037305,0.7127045443848355,3.304911000291927,1.9895941426321728,2.725714658153372,1.9026382022194603,2.499065847348984
91930402,1,1.8396423529780783,0.32374460236269303,1.8002995393482994,1.8686412096642782,-0.36137519914601346,0.5254699486938411,0.8251410545783273,1.4107753829653424,1.2657347656269962,-1.2101851462043953,1.5415010307884502,0.974914295742151,1.1437153197920678,1.2818437875457145,-0.6972135149043301,0.30818883693738436,0.28302102041073546,0.8404042049832035,0.9063855501634497,-0.41668832233677566,1.4723058190894154,0.2517386590541317,1.3722188892814031,1.3684895100913366,-1.029265619930455,-1.3347141058848112e-05,0.18669865655345422,0.7311255737505158,0.49509479966363296,-1.1490379659865042
862717,1,-0.13492660649150376,1.3098347870965825,-0.14974506201556473,-0.19334584972492314,-0.12320728169779314,-0.36818875876666224,-0.021777144972375373,-0.08799518089617808,-0.7468388988577713,-0.585434221716714,0.19295201355003883,0.1391135473823308,0.00874741091980311,0.0670964403152821,-0.39955161317886656,-0.5975003412471844,-0.17539867836108125,-0.3041879499758388,-0.7063832264328768,-0.5527695451758016,0.1631363941404503,1.5874571155096435,0.0553608186875152,0.05905772369696083,-0.28649661585693037,-0.3867876618604441,0.22434045493416518,0.0678087387049149,-0.4170831001703829,-0.5775732998442392
9113538,1,1.0135471760571313,0.9323292639385964,1.1440144323512438,0.9517867095728909,-0.2659645575176604,1.862378731666796,1.6111529490894263,1.3763574049928995,-0.43248717747505133,1.4850898598818432,1.882303792238518,0.4670622715145474,1.455130441732312,1.3773094365596323,-0.11463754450374382,2.5347925879270554,1.0749521459515363,1.8313370085408966,-0.45808129783773566,2.7913143512392686,1.1240331836061972,0.5346740956432305,1.1173431336825859,0.9996854321359809,-0.5429287720251711,1.4731321392097634,1.200094085686096,1.323317526716635,-0.9781767116675808,2.1599176775316167
87556202,1,0.22487094443225392,0.9048743167998343,0.36650468775600537,0.061991651556414326,0.5597320478525246,1.8159448520845227,1.0482504667234027,1.0740087061888266,-0.284344412225724,0.5217018192448643,-0.4396608773263202,-0.4751812627350438,0.3678833335365145,-0.31349328042020436,0.30444746702621805,1.4582613536452098,0.7452450320354301,1.1383317145495686,0.5828767874265107,0.17885395234060908,-0.027784146997940403,0.3553719875722321,0.3587843372575354,-0.15690543349035796,-0.06101316819175348,1.3834737955269278,0.9185138796174025,0.9073915858605356,0.14240738672253692,0.15950872255884124
86517,1,1.3186554992404775,-0.488464250492367,1.2443382703635328,1.2295777904483034,0.6314693723851201,0.11336926740116468,0.7405133465232988,1.0176161730493631,0.5430871302644229,-0.1127244514185123,1.1095076038926663,0.6844454257964735,1.009408324073763,1.0711829220550018,0.31114007937764715,-0.2507249095000635,0.044934441034778026,0.6817254227141608,-0.01400284861950209,0.2753071267704682,1.2666990824788407,-0.11838037136765403,1.17195936702519,1.1982722433427109,0.7657594732472293,-0.15904238009674523,0.274692470949921,0.8254433521602632,-0.027523821330900106,0.021023219883415507
90291,1,0.15003305384011237,0.9231776148923423,0.0977204050814145,0.042704602417914385,-0.701410117430521,-0.7309534430031732,-0.05190973799196877,0.11904219429189981,-0.6818006116751388,-1.214331723136836,0.047046948836893254,0.7706490904255133,0.03482166283581089,-0.14780734290938227,0.3780662028919377,-0.4538119894302697,0.0598346663752176,0.6412461415230785,-0.3780994266075699,-0.35986319631608366,-0.08862695681127351,1.001846560708951,-0.13883023319729748,-0.20389249149909316,-0.07869814447921764,-0.6236951101318781,-0.017153680131693508,0.338392529224682,-0.6960267813147041,-0.8946768386234778
89812,1,2.7146699968246577,1.1473930165255704,2.653052162452755,3.158282704298317,0.7390753591840148,0.4674275992159993,1.831697885232834,2.456552405974175,-0.06755012161695173,-1.0899344151636252,2.1687497648738843,-0.54583078787667,1.7803206401564848,2.633213085809398,-0.26569936615028544,-0.3242661919260436,0.12102069809234095,0.1959740484211738,-0.6896705966235884,-0.2675223665324589,3.033238594990104,0.8406391607919066,2.901473422874305,3.6043642326956804,0.8188144021096242,0.09422607979564393,1.03095042023511,1.467113483964283,-0.5100643272184905,-0.3848240899980345
885429,1,1.6266422028312142,0.12927206012979106,1.6330931426611515,1.6009254529656942,0.6888592320111978,1.5624932593646137,1.9714618273237148,1.3022263755137924,-0.2987973649329749,0.5562566270152006,1.3001139751968491,-0.8166227343744145,0.6256740505928936,1.1208250595422393,0.4322444933558872,1.4214907124322196,1.1412105948058309,1.2808187843421779,-0.7039957078886926,1.2805884680181063,1.902401543631944,-0.0048772020383061965,1.6088892337660192,1.8791413103372137,1.6809569961235376,2.2388274830704753,2.825046524874182,2.1134221950343557,-0.25997688895116794,2.5725479508094153
915143,1,2.5937780197142746,0.13155997239135414,2.527647364937394,2.97116954101436,-0.2279437755153841,0.4519496393552416,1.0213234687058936,1.3790049417600105,-1.1226156692463094,-1.120342646001521,3.1772112415676848,-0.8818376806589924,3.3413319859959714,2.9747679633925266,-0.43747641650363095,0.45923131699689707,0.2459289700951734,1.580365465156187,0.17222359782685373,-0.350143108970439,3.0584149300852763,-0.2878126386274044,3.1775888247730233,3.3845002631453722,-0.5782987246001006,0.7139811999974338,0.5298745326996747,1.73769727448405,-0.005080076871011997,-0.6454029338077125
881861,1,-0.3594402782679284,0.7035380377822414,-0.2663715237048502,-0.4221996417414548,0.8753762757959479,1.4657560102348774,1.0456859907217355,0.5400005402625442,1.1103655240240429,1.3261377441382942,-0.3448941073533214,-0.2750388413789256,-0.2884006675192294,-0.31497830162708756,-0.04548055020564382,0.7432138075956815,0.4700664023439109,0.5165699554545452,-0.44972498293309143,0.666727567189314,-0.21241060436253778,0.7452306996165127,-0.04476894244059139,-0.29644813029365846,1.9771803489385735,1.8383099185894876,1.7461445894686147,1.2939398580316317,0.7948791006635643,2.267314597973783
866203,1,1.4165204330917396,-0.07892795567249195,1.327941468707107,1.4051762975301703,-1.0349886765070933,-0.4616369414259875,0.06105542988148604,0.21329450320105037,0.47082236672816546,-1.7285072627594416,1.0265419788597012,0.23656116826733237,1.1673297366216597,0.8751601227464236,-0.8597483862961786,0.10566745917968567,0.2662186386438569,0.2931243232797712,-0.03190923770088257,-0.4290253562754786,1.2813852779510246,0.018152426521271674,1.256917952224795,1.1787681815277642,-1.365280169392288,-0.1767122726473771,0.242916926862308,0.12037930372018397,-0.11248942535761816,-1.0614246887836842
8912280,1,0.6220874406520821,-0.11095872733438177,0.717638120799016,0.4468690351112605,0.7175541618242363,1.4715602451826615,1.3700922049326782,1.1200758459365576,0.2178956943512645,0.538288126974625,-0.4121248724662413,-0.5593235353838241,-0.18656349494161403,-0.25218311916459923,-0.8167244497512773,0.5299440885603394,0.21295825870356283,0.04701029363799099,-0.7983026903839627,0.09249471476968908,0.49042875037769196,-0.08712587546536969,0.6106258576706525,0.2798082415115848,0.15562779132969193,1.4214313424875447,1.1321433067910471,0.9151225513039575,-0.22631127226133535,1.2498700885216796
845636,1,0.5587630716895011,0.9117380535845244,0.46264836585111535,0.4258547875424467,-1.04287978220568,-0.7245687845606107,-0.7046971042164393,-0.3966979679413171,-1.0395111911796135,-0.825935683798255,-0.08240803505075063,-0.053907701678345146,-0.18557956090704758,0.011302072113814406,-0.9869080209733305,-0.9149158302411643,-0.6655209842402159,-0.6814548506767254,-0.7123520227933369,-0.29593492954280504,0.6247025375519448,1.3588058033824069,0.516564566913946,0.4908067284187354,-0.657881117893693,-0.6433283240770246,-0.6116007818322688,-0.22055627233472283,0.05904490730009638,0.018762232084633144
8812877,1,0.4810468006899695,0.22765228737702362,0.45846820593393633,0.3207835496983788,0.42343113124059056,0.31458274559101596,0.3430195662648312,0.43436382325481626,0.4310767467832243,0.011672856554699374,-0.19755860082926258,-0.552577161630247,-0.2947962387439105,-0.16520330561858512,-0.7520291970207964,-0.09628821640550551,-0.2587765350533273,-0.5120895381732371,-0.339899129900625,-0.2626623228596366,0.7023295707620593,0.7682603281760905,0.5802835058136505,0.3808747436435813,0.9824004327686746,1.273527797434108,0.618846056144991,0.5239356998668083,1.734310118770301,1.255522558018635
895633,1,0.6278442014668631,0.6005819860118818,0.6632960418756929,0.5093360450075965,1.427753674696941,0.4674275992159993,1.179038742808447,0.8365246581789729,0.1926030271135752,0.3281948957309807,0.6009855401130266,0.45207032983993173,0.057944112648119564,0.3764051431203764,1.0944944203211049,0.6855121859999126,0.8365485405045057,0.009769354942195422,2.346059232306432,0.8798217897669095,0.3183904605606805,-0.06738619384287428,0.21010681315822577,0.18086945521394618,0.425323679713531,-0.2735694614434328,0.30988999670850764,-0.14401971444484588,-0.28081750880677764,-0.2632959958134777
86208,1,1.7791963644228876,0.8636918960916905,1.70415586125319,1.7678879678959938,-0.41733031228143885,0.5254699486938411,0.7507712505299688,1.0223817392301628,1.0091948550732828,-0.892280914717301,1.2697170867149439,0.5495179507249329,0.8416475711802037,1.0160249915136272,-0.35365941419763874,0.5305097907328468,0.3270876442899074,0.14416056849658837,0.7165778259008175,0.2158650541567178,1.6800105836245873,0.9821068790864557,1.4966225318951112,1.554664645597646,-0.6180899212468971,0.6576993200213472,0.6784863081248184,0.6692778502031403,1.246960239069878,-0.02871851168979802
842517,1,1.8684261570519793,-0.33974995349073667,1.7250566608390836,1.9463651390283832,-0.8506237524583213,-0.493366759140541,-0.013442597966955742,0.581302113829475,-0.013351548964758663,-0.8674014531226588,0.5040731074236579,-0.9030137982743869,0.27293369920086336,0.7234758137576427,-0.605747812768133,-0.6993267322985415,-0.4248981962956731,0.25912172707926207,-0.7971089311118708,-0.11274866802873185,1.8415587338186101,-0.363481418180303,1.5785468819090172,1.9199225304957386,-0.40587020579731864,-0.43717957765298676,-0.14376700195772066,1.1130352666555587,-0.2583737643468895,0.2731233594476594
85715,1,-0.2615753444166663,-0.13612576221158068,-0.23627437230116358,-0.33180959055505105,1.3775375475241232,0.3668208601210737,0.4443163683306988,0.6668175514071597,1.1284317149081073,0.6668320118802764,-0.41284009337169786,-0.60354976332394,-0.4655087937411693,-0.33364713965647597,-0.1892123678482392,-0.11778489896079208,-0.09360595202420112,0.05672532112385061,-0.3745181487912936,-0.07125137205309487,-0.11380329190644575,0.3833365365374334,-0.12062482208309644,-0.20176477566473547,2.01697154558537,1.0680334914749083,1.1223662163025507,1.4655672908755988,1.5852195305724743,1.9055565501685912
88330202,1,0.9732498503536703,4.581549321132458,0.9099254769892366,0.7793547329465987,0.10922164978781868,0.49644877395492015,0.6892238264899482,1.0562702098491832,-0.024191263495197075,-0.45412595218943574,0.47939798618540524,-0.6740118891946335,0.07811476035672935,0.19141392992007308,-0.7220717893524952,0.1362153764950927,-0.18966485155937426,0.31417354949913395,-0.9916916924628708,-0.40173434180501455,1.3212478085183812,3.1666316453092618,1.0445214892257808,0.948265632805667,0.15562779132969193,0.7859696511296375,0.2595379806927518,1.4315510429245422,-0.093251930106286,0.04363309787123991
84862001,1,0.5904252561707916,0.32603251462425614,0.6883770013787649,0.42873345159296916,1.4636223369632393,1.8972041413535008,1.0803064167442469,1.445193360937785,1.2585082892733712,1.4671213598412676,0.5959789937748307,-0.2675428705416178,0.4972706590819872,0.30130549922942756,-0.03177662967652703,-0.024444040497048136,-0.0038875739104915117,0.18949736343060064,-0.4389811494842632,0.1152995350806245,0.9960534802057376,0.9640121709325018,0.9110151410549727,0.7833676556429358,2.0302352778009687,1.1118810026190686,1.0138405118802416,1.442374394545333,1.2742133573425987,1.6964151787812138
926682,1,1.7417774191268163,2.057982096627863,1.6539939422470449,1.7592519757444265,0.08626570593738776,-0.014323901450087054,0.7187153005091247,1.3157288130260583,-0.23014583957353094,-1.052615222771662,1.2979683124804793,2.337306995422845,1.1609341653969787,1.2529919469548414,-0.4323772832834947,-0.06856880995263609,0.23768629224727086,0.8064016087826941,-0.1894854616170297,-0.49930906477475573,1.5688151036209097,2.0776592091349415,1.463245944852409,1.5209758115536471,-0.7241997789716863,-0.40053091162204657,0.24682776305770665,0.7543184700807816,-0.5437299439083222,-1.0071609816129052
8610404,1,0.5731549737264516,0.09037755168321034,0.5211706046916168,0.4831402021478429,-0.3527667202021022,-0.3850210401152365,0.12491088232300758,0.4809604703559693,-0.06393688344013926,-1.2488865309071724,1.2332408205366572,-0.37436045497325393,1.0753319043897076,0.8331552371802997,1.1773553351483217,-0.19302328790429454,0.09502456026434046,1.018513042223965,-0.6049136883050547,-0.7049262970864704,0.7463881571786111,-0.17430946929805718,0.6682763261989565,0.6202427750088362,0.7524957410316307,-0.32003473444694625,0.05812991662972788,0.587329616502868,-0.4186862247746605,-1.1484727190368087
8670,1,0.39757376887565804,0.051483043236630416,0.42084676667932835,0.285088115471901,0.9040712056089872,0.35134290026031595,0.7520534885308029,0.8645885479103489,0.4166237940759724,-0.6890986450277232,0.2566066741356758,-0.8055661773893854,0.12337572594678069,0.17677586373793905,-0.28227154911572877,-0.5997631499372146,-0.12277235056293359,-0.14081357108863063,-0.7875588569351345,-0.5131414967666347,0.6393887330241288,0.06256671017188589,0.5499411539566484,0.5014453075905245,0.9558729683374766,-0.09163501221840906,0.5284079691264001,0.5780524579707619,-0.11890192377472918,-0.2259896971335675
9013838,1,-0.8631568495611891,-0.09723125376500076,-0.7663186497994233,-0.8298184712954277,1.7936140298131822,2.1525904790560046,1.0379925627167326,0.40921222396726226,1.3741319109313823,2.28814359246446,-0.6835512060870195,-0.35374653517065763,-0.5530789228175729,-0.551308819408209,0.08900908847545444,1.1341140087983905,0.4399489255919589,0.25750255583161885,-0.38048694515175385,0.22483744247577434,-0.6236240775836868,1.184438615717032,-0.4556043865843985,-0.6473439333098358,3.7766266861881252,4.479631634676523,2.7825161812492225,2.139707477541991,1.992413180059012,3.1717097174867654
85638502,1,-0.2615753444166663,0.584566600180937,-0.2596832678373644,-0.3407334491116706,0.03891907174587458,0.010827783323644284,-0.06870705580289119,0.1140118744343889,-0.25182526863440774,-0.16248337460779658,-0.7464906457671999,-1.1308913117285442,-0.7424862244715918,-0.5407015250733291,-1.2033024870028697,-0.6563333671879685,-0.5542448332935301,-0.8009496887528003,-1.1265864902092697,-0.7901639861175085,0.0036862718710255426,0.7024613894344399,-0.038700472069190896,-0.23492168075014472,0.7657594732472293,0.896570089687296,0.4976101340876369,0.7218484152184097,1.253372737486989,0.6778401754297186
864877,1,0.48968194191213954,0.8362369489529277,0.5880531633664764,0.3820990939745063,1.3560163501643445,1.3748229960529252,1.6073062350869247,1.233125665892196,1.0128080932500962,1.4325665520709312,0.5344699959055634,-0.26941686325094455,0.3713271026574965,0.3957104188098577,0.5014014876539875,0.8099666639515707,0.8717384343936285,0.3400802894614264,-0.670570448270116,0.803930338568222,0.8345053300117148,0.8028047710154573,0.7137898539844596,0.7071245049117806,2.322037386544139,1.5647538042871136,2.271174348700866,1.3820728640866418,0.5816635282946294,2.318186823446389
907914,1,0.23638446606181443,0.749296283013513,0.4375674063480428,0.10114148264351915,0.2060670379068241,2.28995737282023,2.3766490355871848,1.2945485188891706,0.8140799935253883,0.8340772814887049,-0.5347852577520475,-0.6387808262592868,0.3063874563761187,-0.33492001497666146,-0.05121707507829723,2.0754424238509337,1.49818195083423,1.7066608224723634,-0.6657954111817479,0.7291604359094167,0.028862606966198148,0.3208275447328653,0.5651123298851495,-0.0717968001160451,0.3943749712104672,2.9816174106618494,3.0841394228193337,2.0639440161964555,-0.07241131025067543,1.769897282241644
88649001,1,1.5748313554981932,2.1769535342291673,1.754317780259334,1.6038041170162165,-0.2867683816321132,1.976528685639885,1.1598051727959406,1.7523076259226573,0.2793207433570835,-0.08646279751305627,1.573685971533997,-0.03141978916642171,2.1227296841855687,1.4091313195642718,-0.2453028332697398,1.2563056780600184,0.21010502406390422,0.548953380407411,-0.14412260927753293,0.5302724948369943,1.8541469013661969,1.7519544623637706,2.1793254486776568,1.8667296346367932,-0.21575671070707128,1.8291477520817527,0.753281050361815,1.2382769068389938,-0.14936129125600583,0.9220268576982239
901088,1,1.8310072117559086,0.5777028633962469,1.7626781000936922,1.8513692253611438,-0.36567943861796953,0.17334636186160127,0.12875759632550882,0.7846329375435978,-0.7143197552664551,-1.0194426073121385,0.6278063240676488,-0.5602605317384876,0.6763466533730597,0.688683888339237,-0.2924698155560016,-0.36103683313903345,-0.2616297696929859,0.45504144804410007,-0.7302584118747173,-0.7206279766448196,1.6988928349459667,0.12343072850791303,1.6513685263658213,1.6078575414565914,-0.012379483401224295,-0.1034149405854969,-0.003954607972223596,0.9661469232305422,-0.48441433355004637,-0.9517667805427354
878796,1,2.6513456278620757,1.6964919593008225,2.8118982393055463,2.9798055331659277,1.2555840958187088,2.017158330274374,3.3896170562458603,3.0125351270674794,1.3885848636386342,-0.09060937444549695,0.5412645945074007,0.6450915789006078,0.8972398441332012,0.9161042788790594,0.701542466544342,1.4576956514727022,1.825352856181751,2.0806893806779634,0.1411858567524611,0.5089630725792349,1.8688330968383808,1.161408987157454,2.1307776857064535,1.9731154263546842,0.9116605276188143,1.0686879319397466,2.533200373792567,2.4628618330770267,0.45982605836952284,0.19398878649027362
9012315,1,0.6537496251333736,0.9231776148923423,0.7259984406333735,0.5484858760947015,0.05900552261500175,0.8814630254912704,1.1944255988184524,1.0462095701341616,1.2982539092183123,-0.10581348986444482,0.10247656900977947,-0.3631164987172922,0.06335574983823446,0.11716286957591464,-0.4750825240021371,0.7765902357736263,0.9104156150645566,0.7707798413345415,1.361207832830511,0.09399011282286507,0.6645650681193007,0.8899883648481448,0.6834475021274575,0.5174031763482082,0.37668999492300187,1.3945992834291778,2.139672481630591,1.7129581850651001,3.0665066649250763,0.6755791876309363
84610002,1,0.48968194191213954,-0.3122950063519739,0.5002698051057234,0.37749323149367037,0.036049578764570836,0.484840304059352,0.1486322853384323,0.47248835270121414,0.09504559633962748,-0.29379164413507475,0.3692539667450897,-0.43264162823332214,0.35460022406986896,0.3008812074560323,-0.43173989163097753,0.8580513486147116,-0.12974692412654346,0.16520979471595115,-0.05817194168690688,0.11604723410721265,0.8827599722774621,0.2731233141451686,0.9019124354978717,0.7549981111848315,0.29268635755754435,2.0123910822364524,0.6134686563763181,1.0357256122213394,1.4120820733104815,1.1650830460673376
8912049,1,1.4625745196099806,1.6804765734698777,1.4449859463881103,1.4051762975301703,0.3875624689742923,0.7963342462571028,1.3354717789101664,1.282105096083749,0.31183988694839976,-0.10304910524281802,0.8352203866500618,-0.4024703456131584,0.7270192561532257,0.629495185950608,0.0848660427340936,-0.053860553467440106,0.2497332829480516,0.18302067844002745,-0.7421960045956375,-0.1448997261720182,1.5751091873947023,1.6910904440277428,1.6088892337660192,1.5085641358532265,1.9992865692979047,0.8553403404024883,1.4880294005723125,1.1315895837197716,0.5560135346261854,0.7354953642986708
857392,1,1.1920067613153145,-0.12697411316532667,1.1983565112745667,1.1029165722253174,1.3058002229915266,0.8582460857001336,1.1444183167859352,1.5299145374853358,0.9983551405428442,0.021348202730393645,1.5418586412411786,0.706933338308397,1.0005529177626662,1.2481125915607967,-1.0283384783869387,0.23577895885641947,-0.12150424627864082,-0.4173680201861048,0.7368717335263819,0.4831674561619472,0.9205244749202206,-0.24504332844533172,0.8594331428980687,0.7940062348147249,-0.220177954778937,-0.15511573730771602,-0.04257411540178408,0.28582196420941314,0.17607300341236862,-0.24407759952382718
911296202,1,3.840116736114172,1.60497546883828,3.982343016115583,5.328795398392213,0.8466813459829095,1.8314228119452804,3.533227712339242,3.195215163998136,0.8863447570616456,-0.9282179147984503,7.668798527835107,0.16909743073156205,7.776414646803715,10.654449061845487,0.16708956590879323,1.6008183011171095,1.53907831400267,2.2960391566145213,-0.429431075307527,0.2708209326109399,4.159879590499068,0.9459174627785479,4.382180193496004,5.994498353290966,0.12025783875476116,1.1269331333103474,2.015503432426688,2.2958729794991135,-0.43311434621316003,-0.5606158913533704
9010018,1,0.28819531339483545,1.4837161189754118,0.26618084974371625,0.19210726664002734,0.4162573987873317,-0.12479783995624598,0.4558565103382027,0.4584564078355263,-0.6095358481388814,0.23420581859566572,0.8970869949720572,0.5438959725969522,0.6547001046126005,0.49626756910451786,1.0817465872707637,-0.06404319257257597,0.5426653726196689,0.9165052536224378,0.0755290967873999,0.386340432218794,0.48203663867930135,1.2502375544586826,0.4376744520857409,0.3134970755555836,1.4598947925302266,-0.11650374988226123,0.644755345939506,0.5966067750349746,-0.41227372635754944,0.5760957244845084
861799,1,0.371668345209147,0.8019182650294748,0.35814436792164783,0.22549976962608734,-0.32981077635167133,-0.010454411484897763,0.31096361624398705,0.7046773271768463,-0.3566091757619814,-0.27305875947287234,-0.320576596567797,-0.7017469812926722,-0.3779386646647656,-0.22354342446042383,0.878418650117824,-0.05668906432997788,0.4218784395407879,0.9440311648323738,0.4945386012917007,-0.6323994915074294,0.04564683036297939,0.03624713467522555,0.021984231644813144,-0.07498837386758195,-0.3218665684318599,-0.3514478767591806,0.0664404435449499,0.5192971206007553,-0.5693799375767653,-0.8991988142210433
8611792,1,1.4453042371656406,1.6095512933614071,1.5662105839862923,1.387904313227036,1.7864402973599223,1.4502780503741197,1.355987586923507,2.6127570752337226,-0.6565079444374495,1.2846719748138913,0.416458546505225,3.174981736491992,1.455130441732312,0.575397984842721,0.13362650415164795,1.983232969732205,-0.338033052821622,1.0735648646438367,1.1928877754655356,2.4511112941417044,0.863877720956082,1.167988881031619,1.0475557244114817,0.7532250146562,0.27500138127007895,0.185193304408156,-0.13594532956692368,1.0836575979705558,-0.9621454656248036,0.443262691306039
90312,1,1.5748313554981932,0.9048743167998343,1.5578502641519354,1.5088082033489771,0.31582514444169685,0.5351436736068147,1.2521263088559715,1.4266606035680078,0.6261916083311188,-0.5674657216761383,0.7443873316570743,3.036306276001797,1.2494882285079485,0.6390417508519997,1.3112075821769027,0.8784166268249829,1.3533010363537876,3.6610005183778154,0.8490851051030323,0.899635813971493,0.9666810892613698,0.7929349302042099,1.0687953707113829,0.7798214625856728,-0.348394032863058,-0.07854620292164474,0.5469844410545432,1.0589185085516053,-0.5373174454912112,-0.46169767515663795
852763,1,0.14427629302533237,0.5205050568571582,0.24151790623236177,-0.014580812187481812,0.6314693723851201,1.5992534140339132,0.6994817304966182,1.0488571069012727,1.5764732488329036,0.8700142815698542,-0.529421100961123,-0.435827415839178,-0.36071981905985495,-0.4015338233997065,-0.8520996864659737,0.2889549630721281,-0.16461979194459314,0.27855178205098163,-0.719514578425889,-0.045829605149101074,0.2953121533901059,1.2485925809901415,0.47408527431414343,0.04203599702209822,0.8630268428282863,2.6890825228791675,1.3829256778209769,2.4133836542391265,2.16875688652956,2.44819362187638
9012000,1,2.2829129357161486,0.6051578105350088,2.322819528995637,2.395436730909879,0.6960329644644577,1.7656414825370594,2.0112112053495617,2.697478251781274,0.030007309156995992,-0.21362449010789378,2.1651736603466016,-0.9667295503915033,2.3209923921506848,1.9140385299045488,-1.0031615081125154,0.156580654705364,0.11911854166590195,0.47123316052053316,-0.6431139850119993,-0.014052396519108784,2.4017321896861965,0.02966724080106061,2.67694001913249,2.40043168975488,-0.15828053777281065,0.8841357208553698,1.0001525851963469,1.9974577133830267,-0.2728018857853891,0.08772235994749793
908194,1,1.7561693211637668,0.06521051680601142,1.7626781000936922,1.72758667118868,1.1981942361926319,0.8659850656305127,1.6073062350869247,2.056774354140419,-0.3313165085242911,-0.33387522114866475,0.10927116761161698,-0.4024703456131584,0.08106656246042845,0.26545284437753397,0.6250554682422955,0.09661622441956504,0.7436599016800645,1.1820493382359374,0.4706634158498603,0.06408215175934283,1.2205424681376915,-0.09041582240245216,1.190164778139391,1.0741554863385048,1.4820010128895575,0.26699836251293296,1.270000282678845,1.5969937034137711,0.19370737405942415,-0.1943358679506129
84799002,1,0.13276277139577186,1.8955403260568506,0.2130928187955469,0.025720484519831912,1.24123663091219,1.0710680337855536,0.9738806626750443,0.6731716396482258,1.7607483958503598,1.0814897051243133,-0.11638102805993897,-0.34250257891469593,0.0176028172309,-0.15756605369747168,-0.4840060071373759,0.959312037493561,0.4884539144661554,-0.14567108483156058,-0.23842959177280282,0.6102762906819164,0.2617437065965427,1.8934221806583196,0.5256672724710465,0.1241303662977376,1.5394771858238183,2.6458894521998446,2.1098523556406774,0.8841986895302698,2.0950131547327855,2.8212566086754847
86135502,1,1.4222771939065195,1.220606208895604,1.2694192298666047,1.226699126397781,-0.4524816013024114,0.3184522355562055,0.7546179645324704,0.913303224425191,0.49611503396585577,-0.9199247609335699,0.5255297345873557,-1.0347554857400716,0.10418901227273734,0.3749201219134932,-1.036943265695919,-0.397241772179516,0.16160003518970795,0.0324377524092014,-0.11069734965895593,-0.18564932312106705,1.751343533060909,0.7880000097985859,1.3995270059527052,1.3294813864614432,-0.35723652100679004,0.43977064523022164,1.488518255096737,1.2614698031692597,1.674994508412026,0.49130868203016637
881046502,1,1.8713045374593686,0.6600677048125345,1.8002995393482994,1.8427332332095765,-0.4087218333375276,0.5931860230846565,0.9751629006758782,1.254835467382506,-0.1831737432749638,-1.7561511089757105,1.636267800761449,0.4951721621544515,2.05926593895604,1.5215686395139973,0.31815138755533456,0.6034853709863195,0.7255894156288932,2.5664407549709507,1.3361388881165783,-0.5490310500428612,1.4744038470140126,0.3652418283834795,1.5633757059805162,1.3879935719062833,-0.6711448501092914,0.252600672286492,0.5626277858361372,1.205806851976622,-0.003476952266734466,-1.4435316267779188
889719,1,0.8955335793541388,0.6440523189815897,0.8346825984800195,0.8015204461356211,0.04752755068978579,-0.27454710160907764,0.03412843186397688,0.4515728122410375,0.18537655075994924,-0.9876521841634289,0.06349702966239493,-0.8947682303533484,-0.011915203806090003,0.11546570248233391,-0.8390331575893744,-0.7570283538943103,-0.3652972949339154,-0.3116361377149978,-1.0895799527744168,-0.8443721655451425,1.1261312115307944,0.6103428751961285,1.0232818429258799,0.9979123356073495,1.0089278971998714,0.021583188198602055,0.5763157125200321,1.3047632096524224,0.48868230124652196,-0.4797855775468976
854039,1,0.5904252561707916,-0.31458291861353777,0.6423952422897995,0.4529142296173576,0.5310371180394853,1.0014172144121436,0.6084428324374208,0.7758960662121317,0.658710751922435,0.3046976264471515,-0.24512079104212614,-0.9933402468639461,-0.32480622679818383,-0.1049538737964679,-0.9371914720770002,0.1831686568132184,-0.1700092351528372,-0.4424651745245756,-0.4222685196749747,-0.00620155673993415,0.8387013858609101,0.26983336720808615,0.7866114984412638,0.6876204430968339,0.5137485611508555,2.1400069728799047,1.253379228848401,1.1192200390102964,2.178375634155226,2.2107899030042226
848406,1,0.1730600970992329,0.20019734023826077,0.12990763644369036,0.09970215061825795,0.14867717828074634,-0.6218338259848308,-0.17949241907492855,0.11586515017136659,-0.8299433769244672,-0.5149424138652272,0.25088490689202303,0.04541391191598315,0.17306439469238047,0.11504141070893865,-0.44863077042267946,-0.781919249484642,-0.3811485984875743,-0.11490683112633819,-0.7720399863979381,-0.6537089137651887,0.5995262024567722,0.8653137628200254,0.5044276261711454,0.46952957007515717,0.5933309544444473,-0.4339073753287957,0.0996825512058372,0.7249408013957781,0.18889800024659065,-0.11463604804353168
857438,1,0.29395207420961544,0.6326127576737717,0.23524766635659405,0.18116834324804199,-0.4331125236786099,-0.6448572912777081,-0.45414779885352136,-0.3937856774974951,-0.721546231620081,-0.8439041838388296,-0.32915924743327624,-0.7156145273416918,-0.36711539028453605,-0.21357256778563685,-0.7810305172103224,-0.856591936255637,-0.50637389656148,-0.4173680201861048,-1.1480741571069262,-0.8241842918272649,0.3960174937707956,0.9985566137718687,0.3314762205862338,0.2780351449829533,0.26173764905448055,-0.3121814488688876,0.0009339372720245599,0.6027915473897119,-0.37860810966771774,-0.30851575178912727
91504,1,-0.07448061793631224,1.197727086279968,0.029165782439683763,-0.15534748425802752,1.4062324773371615,1.2374561022886998,0.6122895464399221,0.5129956652380121,1.6595777268995995,1.3026404748544669,0.25946755775750224,0.5851238122021452,0.0643396838728009,-0.019671227344034564,0.8140420932136015,0.7420824032506661,0.08741593455858403,0.7060129914288102,0.4503695082242959,1.1818921965084834,-0.042470342470123615,1.2041782973395267,-0.02352929614068989,-0.151054214945874,2.0523414981602994,0.9371453985072653,0.327977614112226,0.5888758095915526,1.1860415041073247,1.9281664281564157
913535,1,0.7516145589846357,0.2162127260692057,0.646575402206978,0.597998897763687,-1.5514974131417882,-0.6388595818316644,-0.6598187741872574,-0.6656877034797918,0.10949854904687835,-1.3401112234208605,-0.5551690535575605,-1.2140965880226608,-0.5255287698497156,-0.3612261049271634,-1.4209717363374432,-0.621259832492501,-0.5634385893546522,-1.0528927348860961,-0.11427862747523228,-0.797640976383389,0.6226045096273468,0.1546852244101968,0.6227627984134531,0.3737823575290552,-1.4183350982546823,0.252600672286492,-0.11394687596780698,-0.4119749767138497,2.8308473480962535,-0.44982748921302995
855133,1,0.26228988972832495,1.3601688568509802,0.16334891578112043,0.14086704654072826,-0.19566197947571629,-1.0221325628836793,-0.8202267480915616,-0.5089535268668224,-0.9058213786375371,-1.092698799785252,2.9018511929668955,1.8219590003579333,2.5748473730687986,1.4006454840963678,-0.07735013283149626,-0.8203869972151546,-0.4382132912807465,1.1933835369694406,-1.5143195017847595,-0.7774531026655117,-0.25646919077908925,-0.06903116731141581,-0.3409102965649308,-0.3092144252998055,-1.7291485565068778,-1.3225720825326082,-1.2076122180110034,-1.3146425018877934,-2.158076420415974,-1.6475857756180352
854002,1,1.494236704091271,1.6507337140695508,1.5160486649801483,1.4742642347427082,-0.18561875404115272,1.3109764116272993,0.996960946690052,0.733800231615067,0.13479121628456867,-0.046379220499466266,0.5480591931092385,-1.1423226672554387,0.3368894114476749,0.5980975947193639,-0.6726739362824233,0.4377346344416107,0.09407348205112084,-0.3492009106603221,-0.6132700032096988,0.023332554810294004,1.6653243881524034,0.8686037097571079,1.6574369967372222,1.6663697269014317,0.7922869376784273,2.6543971782427422,1.6527733753034748,0.9970707850042299,1.2197071207971573,1.5890182583390473
8612399,1,1.2610878910926764,-0.1681565338734705,1.2317977906119961,1.2238204623472586,0.15369879099802813,0.022436253219212696,0.5840803104215795,1.0520341510218056,1.1428846676153592,-0.37672318278388156,1.0626606345852592,0.4858021986078169,0.9538160511207655,0.861794931884475,-0.20865281325000912,-0.5064222914734707,-0.12499153306044576,0.38865542689072535,0.3739689148104061,-0.029380226564163815,1.4093649813514841,0.33892225288681915,1.3782873596528031,1.294019455888813,0.301528845701277,-0.2912393539940647,0.21847420064106723,0.7759651733223631,1.256578986695544,0.09054859469597647
855138,1,-0.17234555178757427,0.358063286286146,-0.13511450230543892,-0.26099445491219975,0.3588675391612539,0.41325473970334703,0.23531157419479495,0.16352081197936413,-0.345769461231543,0.1720071646090594,-0.6778294388433667,-1.1700577593534773,-0.6386811838248438,-0.4552067327341982,-0.5604930054394222,-0.17265800969402323,-0.047954197789663346,0.13282636976308526,-0.811434042376975,-0.24172675011517106,-0.14317568285081367,0.06585665710896836,0.015915761273412654,-0.2354536097087343,1.2388325889369154,1.1066454789003628,1.1340987248887462,1.728420115951944,-0.16699566190306045,1.2950898444973284
86730502,1,0.5990603973929621,0.5227929691187212,0.6089539629523699,0.4603987561487156,0.3014776795351771,0.4693623441985938,0.2096668141781196,0.20958795172709496,1.2440553365661193,-0.557790375500445,0.10962877806434525,0.09226372964915677,0.00038397162598911047,0.07855231819695224,-0.7166539603061,-0.3350145332036868,-0.3110858367804018,-0.4159107660632258,-0.6228200773864349,-0.546040253936509,0.6834473194406799,0.9969116403033271,0.6955844428702577,0.5351341416345233,0.2882651134856786,0.34095013503965116,0.13781320411097292,0.2657214540565162,0.9119071967758365,-0.4520884770118131
9110127,1,1.137317533574904,-0.5502378815545828,1.081312033593563,0.9791340180528538,-0.5113062074191406,0.36875560510366845,0.26993200021730657,0.37929505849890816,-0.345769461231543,-0.7112137220007385,-0.3717148913079437,-1.171556953520939,-0.4537015853263733,-0.08925507818084578,-0.9588627882625801,-0.5567697848266417,-0.07141412704907861,-0.33139002693624603,-0.9093223026885211,-0.5224877345989855,0.8743678605790707,-0.5921327303075395,0.8048169095554656,0.742586435484411,-0.29533910400066304,0.0863727942175855,0.7723463768143829,0.6105225128331337,-0.11088630075334063,-0.10954882549627079
859283,1,0.20184390117313342,1.0718919118939736,0.24109989024064427,0.05306779299979479,1.477969801869758,0.8466376158045654,0.49688812636488333,1.1139865113722023,0.49611503396585577,0.4968223576502221,-0.1603671137455195,0.12224761299838802,-0.19345103318357826,-0.10049881017581837,-0.13471538155803114,-0.13249315544598805,-0.2806513339573766,0.006531012446908692,-0.18709794307284575,-0.22789431812329217,0.23027328772757677,1.2782021034238844,0.23741492982952733,0.09203731912950709,1.4068398636678316,0.577203142846247,0.1534565488925669,0.7326717668392,0.6570103846956814,0.27821058199491955
844359,1,1.2006419025374848,0.1658786563148079,1.1690953918543157,1.1230672205789742,-0.14114161283094226,0.09402181757521742,0.3173748062481559,0.6827027720098252,-0.07838983614739015,-0.7637370298116496,0.1579061891826655,-0.8293658847978377,0.16568488943313314,0.29557756028859244,-0.8960797104896504,-0.6574647715329835,-0.29998992429284055,-0.22824881846136838,-0.8209841165537111,-0.6185670595155502,1.3988748417284955,0.3356323059497367,1.4086297115098052,1.2993387454747074,0.49606358486339014,0.02747315238214607,0.5249859874554265,1.2243611690408347,0.24340423679203296,-0.02871851168979802
877486,1,1.4683312804247606,0.7401446339672583,1.4993280253114334,1.4339629380353944,-0.8154724634373488,0.7479656216922347,0.30070571223731696,0.5164374630352565,-0.17594726692133786,-1.0581439920149156,0.1185690393825527,-0.2675428705416178,0.48693935171904074,0.30215408277621797,-0.5104577607168335,0.6527014599944752,-0.15669414016776367,0.06644034860971051,-0.766071190037478,-0.16321835232342555,1.4995801821091852,1.0594206321078958,1.8091487560222324,1.444732660822492,-0.03448570376055541,2.007155558517747,0.5645832039338365,0.8780139171755325,0.45181043534813425,0.45343713640056005
905680,1,0.30258721543178596,2.414896409431776,0.21225678681211074,0.20045539238654225,-0.9610992322385198,-1.123900148968162,-0.5268506935007959,-0.5513141151405978,0.1311779781077562,-1.3829591850560774,0.23443482606652136,0.7706490904255133,0.09828540806533935,0.11461711893554354,-0.09392231579693962,-0.6320081737701444,-0.22548879759064355,-0.4392268320292892,1.3062949063142784,-0.7789485007186878,0.21978314810458885,1.8572327643504107,0.10087434647301823,0.10320782725988557,-0.803782172265278,-1.0126945224317132,-0.568581583682885,-0.7462619224874136,0.5159354195192426,-1.2739575418692346
8910988,1,2.2080750451240063,0.39695779473272585,2.326999688912817,2.4213447073645806,-0.18561875404115272,1.7791846974152228,1.6868049911386187,1.604045566964443,-0.34215622305472954,-0.13898610532396735,2.7337742801845955,0.2553010953606019,2.9635013167225,2.4783465885201537,-0.45851034103669375,1.3666176016989884,0.9918913153303635,0.6169585728084293,-0.15844772054263706,0.29175650535540526,2.5129276696898746,0.42117092631388264,2.704248135803792,2.678807844750028,-0.25554790735386657,1.4338657113194704,1.5139386903668275,1.0836575979705558,-0.1253144221918402,0.24825249366105268
925622,1,0.32849263909829646,2.6002173026184243,0.4919094852713664,0.19297086585518392,0.588426977665563,2.022962565222158,2.1419994814346057,1.2198879820566413,1.1284317149081073,1.1851541284353226,-0.5090373051556101,-0.020175832910459997,-0.23674413070449693,-0.36759048152809126,-0.7969653085232488,1.300996149688114,1.3184281685357377,0.6930596214476639,0.09582300441296433,0.8629985616686783,0.27433187414412863,2.824477163852678,0.6652420910132556,0.07412904419032873,0.38553248306673454,3.5228396750830537,4.394758402802263,1.8799470386430137,1.8882100807809608,3.2056245344685017
857010,1,1.315777118833087,-0.3786444619373166,1.3404819484586428,1.226699126397781,0.9542873327818041,1.2471298272016735,1.4034303929543561,1.3948901623626764,0.3299060778324641,-0.3394039903919184,0.8094724340536245,-1.0353176835528697,0.7132441796692972,0.6700150503098488,-0.2650619744977683,0.8201493030567067,0.7461961102486497,0.83392751999263,0.44320695259174364,-0.11162711948884979,1.3862866741809097,-0.7072808731054283,1.3297395966816001,1.2301879808580782,1.543898429895684,1.672736480985419,2.2657969489321936,1.9139632865940703,1.423303945540426,0.433088246211518
8810703,1,4.0387249842240855,-0.1795960951812884,4.049225574790442,5.323038070291168,1.2627578282719685,0.9182231801605705,2.9767364199773874,2.9463467078897048,-0.6059226099620689,-1.0636727612581691,8.83460860372936,0.4876761913171436,9.414664814356659,10.302286889927478,2.015525358208246,0.1288612482524948,1.0109128795947542,0.36760620067136235,3.2545100383684633,0.24016527252082953,2.4961434462930927,-1.1760983116396906,2.479714732061977,2.882713945542653,-0.8303096366964755,-0.666233740346362,0.23998379971575917,0.703294098154197,-2.025017078260924,-1.6357155896744273
852631,1,0.8811416773171883,-0.6531939333249431,1.0186096348358826,0.7566132869474718,1.5784020562153929,2.388629366932561,1.7304010831669663,2.4327245750701767,4.423704932161443,1.5459063215576347,2.301065632383355,-0.449320163346332,2.180781792224982,1.5152042629130695,0.2878752840607747,0.7098373794177367,0.1685746087533178,1.9705857358382202,0.29995583994070063,1.3497506279775013,1.2666990824788407,-0.6941210853570985,1.384355830024204,1.0422397488231374,0.9514517242656109,0.9260199106050154,0.5587169496407386,2.1799084978477845,1.8513382148825739,1.2272602105338546
8511133,1,0.36303320398697697,-1.1428071572995424,0.4542880460167579,0.1569875652236538,0.7677702889970541,2.115830324386705,1.5355009070402341,1.3064624343411697,2.5484343183955644,1.0192910511377071,0.1296549634171301,-0.9485518211110319,0.26604616095889894,0.10464626226075642,-0.10730754049979783,1.5747960011817628,1.0289833656459255,1.7358059049299426,1.9282434870742235,0.20950961243071947,0.3897234099970023,-1.075754930058673,0.5560096243280486,0.19097610542714571,0.2661588931263475,2.2381730426056374,1.7573882435303851,1.9371561829243362,2.8148161020534763,0.8632411749298802
9011971,1,2.1965615234944464,-0.45872139109204113,2.05946945421338,2.579671230143313,-0.19781409921169335,-0.3583215593554292,0.3699465642823404,0.9646654377071437,-0.3566091757619814,-1.7146853396513064,2.876818461275915,-0.30877071014681073,2.405610719123389,3.9060884059949714,-0.4964351443614584,-0.8102043581100189,-0.35008004352240285,0.02758023866627145,-0.9475225993954658,-0.7591344765141044,3.0500228183868856,0.13494554278770196,2.813480602488999,4.02458810998135,0.14678530318595925,-0.5929364082844819,0.07377326141132214,1.0511875431081834,-0.6431236693735398,-1.087991295419378
862548,1,0.09822220650709136,0.11783249882197315,0.1190392206590261,-0.02120173950368322,0.0661792550682606,0.19269381168754826,0.07605761449124115,0.26942228266380286,0.2287354088817039,0.1319235875954694,-0.40425744250621887,1.1904234573147503,-0.2298565924625327,-0.27848920911510106,0.2802265842305702,0.1984426154709219,0.03827689354224143,0.39513211188129826,-0.7099645042491529,0.23119288420177297,0.024666551117002094,0.862023815882943,0.08266893535881718,-0.08296730824642379,0.44742990007286215,0.3219713615593428,0.23656181804478557,0.6569083054936654,-0.30967375168377675,0.5280497337603811
858986,1,0.04928973958146033,0.6623556170740976,0.2001343230522928,-0.011990014542011382,0.5956007101188219,1.870117711597175,1.6098707110885926,1.01443912892883,0.4816620812586039,1.3786610519492062,1.076607442241663,0.09788570777713784,1.244568558335117,0.44132178444984066,0.7270381326450241,2.5523293552747885,1.1725961758420753,1.0816607208820535,-0.4258497974912506,0.8521569257831517,0.3058022930130946,0.6399523976298719,0.3739555131860364,0.15303183971443127,1.371469911092902,2.4299240988032342,2.0590114851004966,0.9970707850042299,-0.10768005154478558,1.6398904838116524
8810987,1,-0.06296709630675223,-0.5319345834620748,-0.028102408425664648,-0.20428477311690849,0.43060486369385037,0.920157925143165,0.14183642393401333,0.20667566128327294,1.048940475018225,0.858956743083347,-0.5229841128120137,-0.04078975271305669,-0.4477979811189753,-0.3667418979813008,-0.3715063804681161,0.5056188951425152,0.22468822333327051,0.41294299560537456,-0.1405413314612566,0.27156863163752776,-0.09701906850966413,0.21554924274622395,-0.07207705911189295,-0.2182545733810085,0.5756459781569819,1.2015393463019042,0.941490042265369,0.7945194903865754,1.152375887417493,1.2272602105338546
8911163,1,1.108533729501003,1.195439174018405,0.9851683554984532,1.0047541281025032,-0.5773045459891285,-0.6553049141837195,-0.39695998401633537,-0.02048299333484824,-1.0033788094114848,-1.0844056459203706,0.06671552373694965,0.4070945048160849,-0.0384814227393809,0.12373939206354015,-0.5359534268175157,-0.7779593342770892,-0.5003504012110896,-0.530710007521135,-0.76129615294911,-0.4047251379113669,0.987661368507347,1.492048654334249,0.8594331428980687,0.7922331382860934,-0.06543441226361922,-0.47644600554327954,-0.3080221221644587,-0.00640852955193555,-0.6527424169992059,-0.2661222305619562
909445,1,0.9185606226132588,1.4105029266053788,0.8681238778174496,0.8029597781608823,-0.9532081265399343,0.13078197224451718,0.41610713231235585,0.24215265396255994,-1.2599187199651982,-1.226771453934157,0.38427360575967817,0.8680967113105149,0.21635749221329914,0.39040677164241777,0.3133709501614569,0.9977797852240735,0.5521761547518643,0.910028568631865,-0.5523882803330056,-0.035361818776868226,0.8743678605790707,1.6187116114119273,0.7896457336269647,0.7284016632553587,0.4695361204321933,1.0392381110220268,1.1370318520352953,0.9259459029247483,-0.6591549154163169,-0.2683832183607386
84667401,1,-0.10038604160282275,0.7675995811060211,0.08225381338785312,-0.206011971547222,1.1838467712861132,2.4215200316366716,1.600895045082756,0.848173819954261,0.9152506624761484,1.9177160531664539,-0.6810479329179213,-0.0876395704462303,-0.3848262029067301,-0.4405686665520641,-0.22203803795286733,1.9187429220663461,0.7293937284817714,0.7254430464005295,-0.11427862747523228,1.5923789621053246,-0.24807707908069865,1.0511957647651888,0.06142928905891568,-0.3111648314813,1.42010359588343,3.3971871058341154,2.069277430113418,1.6511104615177246,1.0978696508720507,3.329978863401537
8911670,1,1.361831205351328,0.1658786563148079,1.2234374707776392,1.3015443917113636,-0.528523165306963,-0.8764462656942965,-0.09935254402281825,0.27048129737064736,-0.9600199512897302,-1.7948524936784875,-0.2655045868476392,-0.7266710843267209,-0.23625216368721383,-0.06867692717117904,0.14191259563436964,-0.8090729537650038,-0.18300730406683755,0.45827979053938683,-0.1512851649100848,-0.8066133647024458,0.7862506877459676,-0.21707877948012985,0.6743447965703566,0.6432930298810459,-0.3837639854379875,-0.8992145458287667,-0.24447103398923262,0.23788997846019694,-0.5517455669297107,-1.5158832363389574
91485,1,1.8741829178667593,0.4541556012718146,1.9298844967808402,1.9290931547252488,0.8538550784361693,1.1658705379326948,1.6778293251327818,1.6914142802791052,0.11672502540050429,-0.10028472062119122,0.6717924097532298,0.0004380868921362799,0.6704430491656619,0.7449025483141,-0.14650712712959651,0.13960958953013797,0.273193212207467,0.48418653050167926,-1.1218114531209016,-0.03984801293639666,1.6044815783390702,0.8455740811975306,1.7120532300798255,1.5723956108839612,0.5933309544444473,0.6956568669819639,1.2069380490280437,1.504222118092708,-0.6912174075018711,0.32795231356813387
855167,1,-0.18385907341713478,0.5319446181649753,-0.22791405246680607,-0.2500555315202147,-1.074444205000022,-0.848005514450154,-0.7289314024321975,-0.7387597182520544,-0.11452221791551885,-0.9779768379877346,-0.5866387733976507,-0.7294820733907111,-0.6253980743581983,-0.4125654095079815,-1.2256111948409667,-0.8158613798350943,-0.5739004497000672,-0.7964160092593989,-0.8078527645606989,-0.9524146748871163,-0.0592545658669056,0.7616804343019256,-0.12972752764019696,-0.1512315245987372,-1.042529352146054,-0.32134361537662254,-0.3055778495423346,-0.04351716368036099,0.13278863909687083,-0.7194502842178382
874858,1,0.040654598359290334,0.8842831064457625,0.11444104475012955,-0.11504618755071382,0.7821177539035729,2.653689429548038,1.4124060589601926,0.4756653968217476,2.053420688172202,1.7242091296525703,-0.4167738083517093,1.6757875690304307,-0.3597358850252885,-0.17517416229337207,0.26907223031152167,6.2203422418136665,2.68195730022148,0.7869715538109748,3.648450598158832,2.94833114682276,-0.0991170964342618,1.9016470480010255,-0.011392355397888906,-0.1964454860788409,0.8983967954032159,4.445600730504937,2.824557670349757,0.9769702748513329,3.6147752795880517,3.4147659058558792
914769,1,1.2697230323148458,-0.3969477600298254,1.2401581104463537,1.2036698139936017,0.3301726093482155,0.5332089286242202,0.784109438551647,1.1547585775857112,0.05891321457149876,0.5562566270152006,1.3938079138116632,-0.3200146664027725,0.9877617753133039,1.1836202420047275,0.27034701361655594,0.3789016085008267,0.3914439367177626,0.6363886277801488,-0.5249318170748889,0.5313940433768766,1.3716004787087257,-0.4506650120129905,1.2023017188821918,1.2887001663029183,0.3634262627074034,0.3632011108441505,0.40228350182479783,0.8084352281847351,-0.6431236693735398,0.5800524531323777
91979701,1,0.05504650039624033,0.75387210753664,0.08936008524705698,-0.057760772945317944,0.5166896531329666,0.21784549646127987,0.7482067745283016,0.348848385677132,0.398557603191908,-0.4320108752164204,-0.7146633154743814,1.1904234573147503,-0.46649272777573564,-0.454782440960803,-0.3227459190505615,0.021943537648569884,0.45801941164313015,0.1554947672300915,-0.7230958562421651,-0.0290063770508699,-0.1935283530411585,1.4229597686555167,-0.0751112942975934,-0.2569080777051757,0.22194645240768526,0.1302203053617458,0.7449705234465932,0.3430311084907351,-0.341736243769331,-0.03832770983462364
889403,1,0.4407494749865085,0.0286039206209946,0.3497840480872903,0.3130111567619685,-1.3054383899949824,-0.9282974312278351,-0.5880134461405665,-0.5227207180557994,-0.9708596658201686,-1.1770125307448727,-0.6177508827850127,-0.40659312957367744,-0.6440928210149587,-0.37756133820287824,-1.3702990999623375,-0.9241933458702878,-0.5989455093148482,-1.0728085412321087,-1.2459624174184722,-0.9303575536027687,0.35615496320343903,0.9952666668347862,0.2768599872436303,0.20462894869760848,-1.0867417928647163,-0.4757915650784414,-0.22002830776799184,-0.43810563991261575,-0.36578311283349657,-0.8986335672713471
8712064,0,-0.5004809182300415,0.6783710029050425,-0.4925181752242184,-0.533603940496672,0.3301726093482155,-0.05108405611938681,-0.4391456142437663,-0.5293395599735768,-0.9564067131129177,0.644716934907262,-0.3849464780588907,0.8249948789959948,-0.4369747067387456,-0.3909265290648267,1.3430771648027553,0.3568392237730327,-0.02386021638810174,-0.07280837868761239,-0.21216688778677809,0.5661620481132211,-0.5522911281473649,0.5034195997409462,-0.5891107347552076,-0.5677318991742807,0.5402760255820523,-0.12828367824934905,-0.49965309573898614,-0.49593326142941185,-1.031079823608745,0.37486781039286965
901034302,0,-0.44291331008224044,-0.27111258564383006,-0.5104928628680866,-0.45472854551235803,-1.595257181106672,-1.5021427930654307,-1.1123974989615437,-1.1322101572124157,-1.0395111911796135,-1.533618146934744,-0.18396940362558717,-0.49298419347364997,-0.25297904227484136,-0.24772805554394972,-0.42791554171587526,-1.1737811443806139,-0.9894296913163935,-1.3249135044901688,-0.016390367163686043,-1.0376523639181545,-0.5229187372029971,-0.7632099710358315,-0.6054956047579888,-0.50975164268803,-1.7707082507824201,-1.3751890959056006,-1.3073336524484216,-1.5100813082974998,-1.087189184758465,-1.6379765774732096
912519,0,-0.17522393219496427,-1.1885654025308132,-0.18026022941096942,-0.2981292211639391,0.7534228240905344,0.21978024144387465,-0.38580451340908156,0.11771842590834429,-0.13258840879958322,0.4760894729880206,-0.8716543042221042,-1.2039770273922952,-0.8566225724812865,-0.5757055963784324,-0.8527370781184909,-0.6178656194574559,-0.5916539096801652,-0.4871543009595305,-0.428237316035435,-0.3912665554327819,-0.2900376375726525,-1.2007729136678094,-0.3591157076791323,-0.3776559513049819,0.27942262534194595,-0.0229187634103964,-0.4214363718310158,0.301283895096257,0.5063166718935765,0.5127880661185992
915664,0,0.2104790423953039,-1.0421390177907464,0.12656350850994746,0.08876322722627292,-0.8520584989489727,-1.0443821301835186,-0.6896949196066842,-0.6037353431293951,-0.5661769900171277,-1.308320800272151,-0.6592336953014951,-1.1104647911968806,-0.5737415375434659,-0.4085346376607272,-0.1331219024267383,-0.7621196734468781,-0.5447340511613347,-0.20072290725143246,-0.5691009101422937,-0.7681068648331609,-0.12639145945403205,-1.3225009503398637,-0.1540014091257985,-0.20034629844183013,-0.843573368912074,-0.9967261750896607,-0.7866107015763526,-0.5328872762489687,-0.9252735997264164,-1.2869582217122337
862722,0,-2.043004978550375,-1.332703875009317,-1.9998838413588582,-1.4576551007143652,1.4636223369632393,-0.5506352106253449,-1.1277074206914988,-1.2764744356522926,0.4130105558991599,2.1056942074370837,-0.6381346785905256,0.5476439580156062,-0.6347454476865786,-0.6394978645083995,0.97657696460545,-0.8260440189402299,-1.0145666884917859,-1.910567744762747,0.7189653444450015,0.09959785552227556,-1.7376769055450654,-1.0000861505057745,-1.7102606358714323,-1.2198768024049529,1.123880243068394,-0.8717280463055616,-1.3248395329680742,-1.7628838782973966,0.03339491363165321,0.5444418953015538
897880,0,-1.1596300315223653,-0.3946598477682615,-1.13793486643661,-0.9760546050619662,0.2943039470819173,-0.5974560392041371,-0.80573745868214,-0.8065366594900955,0.2684810288266451,0.050374241257476464,-0.502957927459229,1.4977582616443708,-0.5240528687978661,-0.49063509581269665,0.21585002732634787,-0.6195627259749785,-0.47879262837811354,-0.6082683102832487,0.05165391134555953,-0.3946312010524281,-1.0600138859000083,0.20074448152935254,-1.0557761063158986,-0.8673852125130072,0.3192138219887412,-0.7408399533379186,-0.8090980096998942,-0.758012989961415,-0.027523821330900106,-0.4266523642755102
903011,0,-0.8084676218207781,-0.8591060368656622,-0.7629745218656804,-0.7423070841595466,-0.9288174361988509,0.14045569715749082,0.16350624614810394,-0.5465485489597981,-0.020578025318384607,1.3233733595166683,-0.25763715688761657,-0.2787868267975795,-0.13490695812688158,-0.3608018131537682,1.0371291715945703,2.3334026145143714,1.9883042567133646,1.4038757991630681,-1.000048007367515,3.176379349932117,-0.875387428535411,-1.1004295320867918,-0.8206228794241328,-0.7503608416233271,-1.0071593995711239,0.17995778068945012,0.15198998531929236,-0.4838729553376736,-1.2090266546835706,1.1368206985825569
874662,0,-0.6530350798217145,-0.4266906194301513,-0.6839694994310029,-0.6360843806952698,0.2943039470819173,-0.9387450541338467,-0.8259968190953136,-0.8653119757199589,-0.35299593758516795,-0.7112137220007385,-0.7747418715327353,1.3309729105142716,-0.9013915710540547,-0.5411258168467245,0.22477351046158642,-0.9428049473457859,-0.5212741219019195,-0.9002048862333338,1.291969795049174,-0.6899723165547093,-0.7641919485317326,0.1415254366618669,-0.8254776557212535,-0.680323528742382,0.11583659468289544,-1.003925020202881,-0.8945008951169093,-1.0970931343099006,0.4630323075780788,-1.0416410455443377
8910721,0,0.06080326121102033,-0.5571016183392737,-0.05569146387904394,-0.049700513603855,-2.3176520391499174,-1.4973059306089438,-1.0347451656310507,-1.111003387707857,-1.111775954715871,-1.2696194155693739,-0.9739308937023974,-0.9294370954758969,-0.9835992596420717,-0.6196197949248348,-1.158047679674159,-1.2293896679381047,-0.8615699065918696,-1.3263707586130478,-0.6216263181143429,-0.9168989711241836,-0.2732534141758709,-0.8174940954976937,-0.37428688360763335,-0.33439239600637294,-2.091690570399908,-1.328789266948571,-1.1358483738254406,-1.2475377218388912,-0.7264861487959807,-1.2993936546055374
8510426,0,-0.1550752693432343,-1.119928034683907,-0.17440800552691924,-0.2405559401534909,0.08554833269206208,-0.4420960171017808,-0.27322401693587683,-0.010687107296537773,0.25041483794258074,-0.7305644143521262,-0.47434909124096525,-0.8005063970742027,-0.3863021039585796,-0.34828520583861006,0.42587057683071694,-0.6133400020773956,-0.2578254568401078,0.2186424458881798,-0.09159720130548347,-0.573331268406973,-0.23129285568391705,-1.0461454076249297,-0.21468611283980255,-0.2872280283447745,0.4872210967196574,-0.49804254088294064,-0.15647721959276595,0.2286128199280908,0.10553552082415013,-0.6555773789022334
861853,0,-0.2327915403427658,-1.0284115442213648,-0.2881083552741799,-0.2825844352911178,-1.6533644139780745,-1.0368366247513994,-0.7095696086196076,-0.5754066997213076,-1.5525910122870403,-1.3497865695965547,0.01128590356406343,-0.11762345379546155,-0.06996731184550357,-0.07695061675238528,-0.8428575075044766,-0.8520663188755767,-0.5840452839744088,-0.15862445481270693,-1.179111898181319,-0.8967110974063062,0.03096063489079543,-0.5378486058456774,-0.06904282392619292,-0.07552030282617132,-1.4315988304702814,-0.8481681895713858,-0.6648859249945737,-0.21514459652432766,-1.417432853239673,-1.2507824169317148
8910499,0,-0.14068336730628378,0.5914303369656279,-0.1869484852784552,-0.25581285962125955,-1.22222309353717,-0.41694433232804945,-0.6055801067519891,-0.7093720601371227,-0.6528947062606361,-0.6020205294464748,-0.2308163729329942,1.3122329834210023,-0.1240836837466518,-0.2803985220953794,-0.5385029934275839,-0.07818574688526425,-0.03210289423600438,-0.30451178422536723,-0.03190923770088257,-0.3082719634815079,-0.2963317213464455,0.7271359914625588,-0.27658451062808687,-0.375350925817761,-1.4360200745421472,-0.526183480870984,-0.6145339089788177,-0.805944975710631,-0.745723644047313,-0.788410412080703
90944601,0,-0.08599413956587275,-0.7927565812803196,-0.13636855028059258,-0.1841341247632516,-0.6045647293115155,-0.7150885341458965,-0.9924313116035365,-1.0133887071044754,-1.4839394869275955,-0.6172246448654236,-0.16537366008371573,-1.3726363712317209,-0.29922394189945917,-0.2256648833273998,-0.22108195047409163,-0.7853134625196871,-0.7691568068740381,-0.9946025699709378,-0.9904979331907788,-0.47463499689734995,-0.1977244088903538,-1.3356607380881935,-0.26930234618240606,-0.2953842723764795,-1.1397967217271106,-0.9574597471993678,-1.1529093967278665,-1.2507847273251285,-1.6867577867583274,-0.9093732593155643
89143601,0,-0.7796838177468776,-0.08350378019561895,-0.8135544568635424,-0.730792427957457,-0.6791715468254157,-1.0459299261695945,-0.8200985242914783,-0.7011646961590787,0.7129093245746281,-0.46933006760838364,-0.48972634070828197,1.4209245605619654,-0.4374666737560288,-0.47705775906405057,-0.18730019289068778,-0.6501106432903855,-0.5783388146950916,-0.3037021986015456,1.6226411134186651,-0.3385537740583241,-0.8082505349482845,0.08559633873146376,-0.8339735142412137,-0.7338710439070538,-0.9364194944212648,-1.0230346817761569,-0.9567809615286308,-0.8037803053864728,0.5704416560646849,-0.8053678205715711
911320501,0,-0.7134810683769061,-0.2047631300584873,-0.742073722279787,-0.6827187383137328,-0.826233062117238,-0.8820570261438213,-0.6959778858107697,-0.8060071521366732,-1.0828700493013672,-0.6020205294464748,-0.7901191210000522,-0.8436082293887227,-0.7577372020073702,-0.5746448669449445,-0.13280320660048,-0.4770057785030788,-0.35515246065957373,-0.6966750604045723,0.0803041338757678,-0.3983696961853684,-0.7222313900397788,-0.2631380365992856,-0.7311129414459768,-0.6703941881820455,0.05393917767676905,-0.47513712461360325,-0.41557011753791795,-0.4813990463957787,0.47906355362085584,-0.31416822128608274
904302,0,-0.8689136103759691,-1.01239615839042,-0.8913054313230663,-0.7820326480567559,-1.3764583412822522,-1.0923638057518679,-0.7799644748653815,-1.0846339215074317,-1.0142185239419232,-0.11134225910769842,-0.7761723133436486,-0.9888426643615612,-0.7774158826986968,-0.5727355539646661,-0.9136079809338694,-0.6082486825248278,-0.3995361106098187,-1.2356971687450236,-1.0334732669860915,-0.11087942046226164,-0.741113641361158,-0.8668432995539314,-0.7884599864557107,-0.6675572337362351,-0.927577006277532,-0.4286718516100898,-0.30851097668888344,-0.9038189982243525,-0.514873701031323,0.41782657856973604
924934,0,-1.0905489017450043,1.9115557118877957,-1.0852648514801582,-0.9455407661264288,-0.4517642280570847,-0.5332225057819925,-0.35849284399132236,-0.5515788688173089,-0.8046507096867769,-0.2315929901484694,-0.6531543176051141,1.9175326285336074,-0.6918136216914258,-0.5413379627334219,1.5693512014463091,0.10849597004222325,0.5084265569437656,0.8760259724313556,-0.2551422215820913,0.41288374766266983,-1.1271507794871347,1.5282380706421568,-1.1289011742912738,-0.9141949608688792,0.23963142869514942,-0.5392722901677481,-0.34713048411844377,-0.3516734462551587,-1.098411056988409,-0.07676450241392536
89869,0,0.1960871403583534,-1.032987368744492,0.13534184433602306,0.05421925862000402,-0.5629570810826098,-0.5096186169943369,-0.5368521499072992,-0.3424234642155423,-1.0648038584173027,-0.5287643369733622,-0.213651071202036,-1.532300550066377,-0.1506499026799429,-0.2316049681549325,-0.7628648551135864,-0.5873177021420488,-0.42648332665103894,-0.18291202352735614,0.12686074548735696,-0.39276195348595805,0.22188117602918614,-1.264926878940919,0.22527798908672678,0.013489142911130741,-0.4854525990909104,-0.34359459118112196,-0.2733134509302967,0.17140367564676842,0.3171479685888074,-0.1310282095847044
903811,0,-0.005399488158950694,-0.47473677692298605,-0.07868234342352669,-0.1173491187911316,-1.15837687470316,-0.9776334282840007,-0.7839394126679661,-0.4157602326645162,-0.6312152771997592,-0.7333287989737539,-0.9016935822512813,0.8793406675664767,-0.7902070251480591,-0.5793120764522915,-0.5592182221343881,-0.7191263083363052,-0.6556931760369473,-0.4282164675453147,-0.40316837132150224,-0.8933464517866601,-0.2711553862512732,-0.04600153875183794,-0.3142090269307692,-0.3345697056592361,-1.166324186158308,-0.8527492728252534,-0.9112686053046805,-0.5396905258391799,-0.6222830495179292,-1.0229878962043826
924964,0,-1.1279678470410748,0.07665007811382933,-1.1245583547016378,-0.9734638074164961,0.2656090172688789,-0.5630175785139512,-1.0632749611496022,-0.9810093324427083,-0.08922955067782856,0.050374241257476464,-0.566612588044866,1.6383077148438916,-0.5880085810446778,-0.4916958252461846,1.8434296120286415,-0.18227494662665136,-0.8822400064258409,-0.7638706671817689,0.6151082877729953,-0.5815559576994416,-1.167013310054491,-0.4506650120129905,-1.180179748929607,-0.932457855113784,-0.28649661585693037,-0.8730369272352381,-1.2757096532633803,-1.417773580903042,-1.0406985712344112,-0.9478100518948661
897132,0,-0.8228595238577281,0.13842370917604505,-0.8231688246730536,-0.7558368051970019,0.6314693723851201,-0.7032865897520686,-1.0635185863697605,-1.0757117226022677,0.44914293766728863,-0.3684300289190012,-0.37529099583522674,1.4059326188873498,-0.435006838669613,-0.4318706851974627,1.8370556955034714,-0.8147299754900792,-0.9100431928589586,-1.1063253860583246,2.6098800314387702,-0.69931855438706,-0.8879755960829968,0.026377293863978142,-0.9061883116608788,-0.7750068833713051,0.41648119156979835,-1.0255869995890259,-1.2595774539573612,-1.450243635765414,0.6105197711716277,-1.0721643808279007
894090,0,-0.5465350047482824,-1.1839895780076861,-0.6012023330708645,-0.5425277990532915,-1.381479953999534,-1.3934101250436068,-0.9837120931978668,-1.1427473535455175,-0.5155916555417471,-0.892280914717301,-0.6839088165397478,-1.1546910191369963,-0.6913216546741426,-0.512486122142549,-0.5681417052696269,-1.1130247310533041,-0.6585464106766059,-1.0927243475781212,-0.09517847912175982,-1.0779533414512505,-0.7054471666429971,-1.5050930053479445,-0.7638826814515394,-0.6384784506666782,-1.4537050508296125,-1.30941782918936,-1.1236270107148203,-1.4765289182730486,-0.9910017085018024,-1.3463091514302732
8711003,0,-0.526386341896552,-0.30085544504415596,-0.5585647019156419,-0.5456943295088661,-0.7214965682996471,-0.7226340395780159,-0.6295579573675806,-0.6593336152387254,0.5575400829716748,-0.09199156675630987,-0.6527967071523858,-0.4375140092775723,-0.668691171879117,-0.49784805596041487,-0.5123699356743846,-0.5556383804816266,-0.38241670277186707,-0.6275364481302037,-0.3076676295541404,-0.504542957960872,-0.5501931002227674,-0.06574122037433335,-0.6121709221665292,-0.5478732180536076,-0.49871633130650883,-0.48822593391036756,-0.3749951920106583,-0.4933047331786483,0.3235604670059184,-0.16211679181796285
859711,0,-1.4940978348610907,-1.0558664913601272,-1.3728598537820529,-1.1683493636368631,0.08841782567336581,0.9472443548994913,-0.024213397173959476,-0.5161018761380219,0.31183988694839976,3.7118016726023195,0.44220649910166243,-0.6813204607610086,0.15978128522573512,-0.30840177913946204,3.213821664940305,3.860232778112217,0.7832881605642118,0.9488886785753035,0.5781017503381424,6.765334677554776,-1.3594024707401,-1.6366908828312459,-1.3416010608088575,-1.0439856267647063,-0.5429287720251711,-0.06414851269520395,-0.6238221449428892,-1.0228758660530501,-1.0535235680686332,1.368571947957758
90769601,0,-0.8487649475242386,-0.6028598635705446,-0.8846171754555805,-0.7736845223102408,-1.0823353106986076,-1.273068987126215,-0.9521690383773563,-0.9137618985580895,-1.1009362401854315,-0.20256695162138658,-0.9335209125440999,-0.46599869845934194,-0.9225461527972308,-0.6422345464467984,-0.39604595909002255,-1.08496590329693,-0.7166255868972122,-0.9084626595963147,-0.05697818241481491,-0.5445448558833328,-0.950916433820928,-0.8767131403651793,-0.983864732414804,-0.8016033313007779,-1.3254889727454922,-1.2513689599582103,-1.1009441607815087,-1.1376033932334315,-0.8467204941168085,-0.7550608420486613
8813129,0,-0.2327915403427658,-0.5113433731080028,-0.2960506591168193,-0.2978413547588868,-0.8714275765727743,-1.0486385691452271,-0.6720000351951783,-0.6262394056498384,-1.1551348128376246,-0.8577261069469646,-0.3928139080189132,-0.6091717414519209,-0.39318964220054387,-0.32452486652847934,-0.3485602809775022,-0.8147299754900792,-0.2984047939374747,-0.44408434577221884,-0.6860893188073124,-0.5000567638013437,-0.2249987719101237,-0.33222692227801864,-0.24078053543682426,-0.2914834600134903,-0.2378629310664024,-0.8003940356381961,-0.45174535234535423,-0.26647820706864905,-0.6495361677906508,-0.44982748921302995
871001502,0,-1.6866614841154859,0.33060833914738313,-1.603604681210317,-1.2837837920628117,-0.18274926105984896,0.5099919888330834,0.5661289784099066,-0.7024884645426342,1.4680761035285175,2.718005401127445,-0.7475634771253847,1.398436648050042,-0.78725522304436,-0.6314999645799001,1.6904556154245491,1.624577792362426,1.4433364405385702,-0.2557747296713043,0.3011495992127926,2.970762117620402,-1.4938860607068125,0.6744968404692381,-1.4775347971282269,-1.105334766655357,1.3272574703742397,1.1622729184116112,1.3056866629618564,-0.5446383437229699,0.658613509299959,3.6408646857341247
9112366,0,-0.7048459271547356,2.295924971830472,-0.7006901390997173,-0.6758099445924789,-0.21718317683549482,-0.3559998653763156,-0.2096250120945221,-0.7424662697260099,-0.06032364526332579,-0.17768749002674444,-0.3184309338514273,2.2679692651777477,-0.3410411383685283,-0.3574074789666067,0.871726037766395,-0.07139732081517386,0.3407197653460541,-0.4185014400594551,0.49931363838006904,-0.6376333846935456,-0.6488004126788594,2.169777723373253,-0.62916263920645,-0.612413931695795,0.33689879827620656,-0.3291969009546812,0.1040822419256606,-0.7060609021816198,-0.043555067373677196,-0.6776220099403625
921362,0,-1.838639969625681,1.415078751128506,-1.8096865651272271,-1.3802190377553125,-0.7114533428650845,0.30490902067804254,0.058619177679901935,-0.9153504206183563,0.7996270408181364,2.0130873226125816,-0.654227148963299,0.4932981694451247,-0.6878778855531604,-0.5992537898018656,2.659290927250469,2.2134737539427736,1.9185585210772655,0.29798183702270087,0.05762270770601941,1.3897525258999623,-1.5807444167851572,1.031456083142694,-1.5864638402948639,-1.1517898957055026,1.1769351719307877,0.34684009922319514,0.33384386840532365,-0.9897873339552042,-0.19424878017578118,1.2668274970125477
88411702,0,-0.09462928078804274,1.0329974034473928,-0.1292622784213887,-0.17233160215610968,-1.1598116211938114,-0.6978693038008034,-0.5254402316998787,-0.6558918174414812,-0.15426783786046003,-1.1963632230962613,0.11499293485526972,-0.29752675389084904,-0.006995533633258227,-0.0010023893146461017,-0.884287964918085,0.06946252013920312,0.05412819709590017,-0.28006229838595353,0.6461460288473879,-0.27911170144457387,-0.25227313492989395,0.11849580810228905,-0.26626811099670605,-0.29644813029365846,-1.7375489202434236,-0.71466233474439,-0.6604862342747504,-0.8187783783467113,-0.3978456049190508,-1.185779017716719
8910720,0,-0.9696569246346212,0.2596830590389134,-0.9251647266522138,-0.8778921609391521,0.8323338810763907,0.47903606911156743,-0.04447275758713296,-0.5174256445215774,-0.5336578464258115,0.7843183582994206,-0.2959014753295446,0.5120380965383943,-0.30168377698587495,-0.408110345887332,0.5660967403844683,1.2676197215101692,1.312087647114274,0.9148860823747946,0.8013347342193512,1.4118096471843098,-0.9488184058963304,-0.06738619384287428,-0.9183252524036793,-0.8205754641571351,0.022990469173705244,0.010457700296352531,-0.08608216807559245,-0.4331578220288259,-0.4908268319671574,0.15950872255884124
89346,0,-1.461859974298322,-1.1107763856376525,-1.4744377397694954,-1.1617284363206615,-1.9044450498421621,-1.4119836768765166,-1.080508239880808,-1.1845519590981997,-0.10006926520826798,0.7442347812858305,-0.8151518526910331,0.16722343802223488,-0.8359599577553936,-0.6404313064098689,0.08390995525531789,-1.1630328031029706,-0.8978693917297487,-1.3483914875809968,0.7691032338728665,-0.6282871468611949,-1.3665357656837323,-0.9129025566730871,-1.391969364891481,-1.0420352205832117,-1.5195815875004188,-1.315962233837742,-1.2528801469727413,-1.5481176582791356,0.12797926528403733,-0.3475177913181244
91544001,0,-0.535021483118722,0.17960612988418886,-0.5084027829094974,-0.5664207106726273,0.9327661354220256,0.2139760064960903,-0.07947785500989474,-0.7030179718960564,1.1139787622008563,0.8285485122454513,-0.7919071732636936,-0.7868262502961159,-0.9138383365913187,-0.58122138943257,-0.272073282675456,-0.1958517987668323,0.24275870938444175,-0.3085597123444756,-0.8794783208862205,-0.007696954793110294,-0.6404083009804683,-0.2384634345711662,-0.6567741793963222,-0.634577638303689,0.3192138219887412,-0.143335808940628,0.40326121087364736,-0.5123229081694664,-0.32410187312227634,0.23751280161683547
91376702,0,1.085506686241883,-1.3784621202405878,0.9600873959953806,0.9851792125589509,-1.3068731364856339,-0.8120192577738922,-0.5577526293208896,-0.1703335743533293,-2.1523885496379767,-1.453450992907564,0.2891492253339509,-0.31814067369344534,0.15732145013931914,0.23278237782610428,-0.8785514400454316,-0.9712031964056643,-0.6490356285444105,-0.706390087890432,-0.9009659877838768,-0.9438161360813535,0.7568782968015997,-1.1843231789823965,0.6166943280420526,0.5971925201366265,-1.5191394630932322,-1.0054956773184927,-0.8125199913708678,-0.4732042230257514,-1.8085952566834336,-1.440140145079745
869218,0,-0.7624135353025371,-0.44499391752266015,-0.7512700740975801,-0.7250350998564121,0.9040712056089872,-0.17955112296367667,-0.8672848827221608,-0.783767843292941,-0.6167623244925073,0.36966066505538364,-0.42285318604809025,1.2972410417463864,-0.4458301130498426,-0.3945330091386859,-0.14714451878211365,-0.45777190463782247,-0.6474504981890447,-0.3691167170063345,0.268918098866308,-0.11499176510849599,-0.7201333621151811,0.18758469378102266,-0.7317197884831171,-0.6563867256058565,0.36784750677927036,-0.48560817205101464,-0.9480304655414267,-0.7730110629216537,-0.5244924486569891,-0.1824656820070049
911366,0,-0.707724307562126,-0.24594555076663113,-0.6375697243503193,-0.6939455281107701,1.4994909992295364,0.8543765957349441,0.18017534015894285,0.19661502156825128,0.5105679866731077,1.327519936449109,0.02702076348410859,0.9824102665794588,0.09041393578880867,-0.2572746204453415,2.378838600142966,0.3743759911207662,0.5581996501022548,1.0703265221485503,-0.29811755537740414,0.5171877618717036,-0.5984477424885145,-0.03613169794059053,-0.565443700306746,-0.6118820027372054,1.990444081154172,0.2251141727632871,0.23265098184938693,0.4265255352796921,-0.4026549787318834,0.48113423693564533
88466802,0,-0.9869272070789616,1.3647446813741073,-0.9874491094181763,-0.871846966433055,-0.0019712032377054447,-0.6152556930440087,-0.8226630002931459,-0.848897247763871,0.2937736960643354,0.047609856635848706,-0.5465864026920814,0.5195340673757021,-0.6622956006544358,-0.49509015943334617,0.02017079000361274,-0.8537634253930994,-0.6718615056616795,-0.8993953006095122,0.12089194912689667,-0.4540732736661785,-0.831328842118859,1.5742973277613126,-0.8737219951738864,-0.7402541914101274,0.748074496959765,-0.7434577151972713,-0.7748781929901571,-0.8141397990806583,0.7980853498721193,-0.1536380875725288
906290,0,-0.8401298063020686,0.49305010971839536,-0.8645524078531226,-0.7759874535506588,0.37321500406777364,-0.8582596628579061,-1.012883007716835,-0.9915994795111522,-0.7251594697968935,-0.20809572086464018,-0.4149857560880678,0.8662227186011877,-0.4305791355140645,-0.44523587605941123,-0.06938273717503315,-0.9051291826567839,-0.7935361117395655,-0.9133201733392444,0.7607469189682223,-0.6630551515975394,-0.8082505349482845,0.542898962985937,-0.8348837847969238,-0.7361760693942748,-0.21133546663520433,-0.9332454500003537,-1.1497318423191054,-1.0970931343099006,0.1039323962198717,-0.7324509640608369
90251,0,-0.4860890161930909,-0.4060994090760794,-0.45949491187850644,-0.5382098029775079,0.5453845829460049,0.49451402897232566,-0.37221279060024365,-0.5139838467243332,-0.13258840879958322,0.40559766513653295,-0.5068916424392403,-0.6423414124070079,-0.35727604993887274,-0.4407808124387617,-0.13089103164292887,0.6566613752020279,0.49352633160332626,-0.20881876348964887,-0.2611110179425512,1.1403949005328464,-0.42640945267150304,-0.4095406752994587,-0.35031642564060156,-0.4835098140642836,0.42974492378539675,0.693039105122611,0.24242807233788324,-0.24699617415122588,-0.1477581666517283,1.5607559108542666
917062,0,-0.34504837623097784,-0.23679390172037712,-0.3002308190339978,-0.45127414865173104,1.8079614947197018,1.1987612026368053,-0.5090275852892066,0.12751431194665494,-0.3855150811764842,1.3247555518274812,0.14324416062080533,-0.0876395704462303,0.16371702136400046,-0.11895550231850928,-0.5904504131077237,-0.12174481416834469,-0.5691450586339695,0.10368128730550609,-0.28737372192857596,-0.19985560462624016,-0.24388102323150296,-0.20556396520034093,-0.22651963006403333,-0.3519460516398249,0.5579610018695177,0.2794327313448588,-0.7157267955347545,-0.06825625309931099,-0.527698697865545,0.2680361369003985
892657,0,-1.0329812935972027,-0.14756532351939858,-1.0355209484657317,-0.9084059998746896,0.7319016267307559,-0.7228275140762753,-0.8331773518999827,-0.8052128911065399,-1.2057201473130053,0.42218397286629566,-0.908488180853119,0.6507135570285884,-0.8895843626392587,-0.6342578611069689,0.5574919530754878,-0.9096548000368441,-0.4413835519914784,-0.42109211405568414,-0.3172177037308766,-0.1931263133869476,-1.0809941651459851,-0.17759941623513964,-1.092793775581441,-0.8826338426592383,0.36784750677927036,-0.9751296397499997,-0.9130773670450524,-0.7535290300042302,-1.119251676844019,-0.32603840722969074
862261,0,-1.2353314362367238,0.15672700726855388,-1.23407854453172,-1.0229768290854815,0.4162573987873317,-0.989241898179569,-1.040143387614561,-1.066339442446695,-1.6826675866523033,0.8230197430021977,-0.24154468651484315,1.5502300575055254,-0.34989654467962517,-0.42274841206946606,1.2761510412884647,-0.611642895559873,-0.8462892499661424,-1.0605028397500196,-0.305280111009956,0.6854200428540156,-1.110366556090353,0.11027094075958258,-1.151961361702595,-0.8991236403755113,-0.06101316819175348,-1.0384140326998552,-1.2246732409134296,-1.3947353038816446,-1.5665234414374998,0.32173459712148217
869931,0,-0.09750766119543275,-0.3077191818288469,-0.14681895007353934,-0.18672492240872174,-1.230831572481082,-0.7812568125506362,-0.7582946526512907,-0.9246167993032447,-1.2382392909043214,-0.9876521841634289,-0.5455135713338964,-0.8589749696052036,-0.6249061073409152,-0.39262369615840753,-1.3664747500472352,-0.5386673153064006,-0.45026028198152734,-0.9669147416362375,-0.8687344874373922,-0.6944585107142377,-0.18303821341816987,-0.5197538976917235,-0.29084541600087777,-0.2611635093738913,-1.5859002485784122,-0.4646660771761917,-0.5602710567676632,-0.8322302582182655,-0.8996236060579733,-0.7940628815776593
901011,0,-0.8458865671168486,-1.1862774902692497,-0.8524299440933046,-0.7636091981334123,-1.711471646849478,-0.8416208560075915,-0.550059201315887,-0.8870217772102689,-0.45416660653592816,-0.29240945182426087,0.07029162826423264,-0.7619021472620674,0.23947994202560804,-0.2362721776622796,-0.5050399316704387,0.4767680843446306,0.41363576169288513,0.47123316052053316,1.2478007019817687,0.37288184974020916,-0.8586032051386293,-1.6120162808031269,-0.8239605381284031,-0.7441550037731167,-1.9603796214654812,-0.836388261204298,-0.7377252491338712,-1.1564669489153812,-0.5373174454912112,-0.7918018937788761
906564,0,0.1759384775066229,-1.2068687006233216,0.27537720156150935,0.017948091583421602,0.4664735259601486,1.5373415745908825,0.7315376805174624,0.3914737276276187,0.9766757114819674,1.5362309753819403,0.513728589647322,0.5532659361435868,0.9602116223454465,0.20096049482146494,0.9083760577861256,1.5272770186911295,0.6586969146324525,0.647722826513652,0.7118027888124496,0.6020516013894476,0.05194091413677273,-1.1974829667307267,0.2222437539010263,-0.11346456853888577,-0.07869814447921764,0.7205256046458159,0.24878318115540596,-0.04970193603509849,-0.13493316981750628,0.4460889260545168
924342,0,-1.3660099067322329,0.6143094595812637,-1.3636635019642598,-1.110776082626415,-0.30111584653863294,-0.9304256507086893,-0.6153251155583258,-0.9370602221086662,-0.4469401301823032,0.3890113574067722,-0.3620594090842796,1.242895253175905,-0.35530818186974006,-0.46920836125623955,1.215598834299345,-0.4017673895595763,0.25226949151663713,0.16520979471595115,2.032100543746229,0.29512115097505165,-1.3359045579846056,-0.09370576933953463,-1.332498355251757,-1.0237723263383072,-1.002738155499258,-1.1153107873183452,-0.9340981115953194,-1.3664399703587204,-0.7633580146943679,-0.5798342876430216
925277,0,0.14715467343272237,0.783614966936966,0.19888027507713918,0.02082675563394401,-0.8513411257036471,0.5583606133979515,0.1917154821664469,-0.2873546994596342,-1.3068908162637654,-0.20394914393220046,-0.6334857427050578,-0.20195312571517424,-0.30463557908957384,-0.4335678522910435,-0.9190258099802643,1.1850272043240688,1.0708308070275852,0.6898212789523774,-0.4998628723609565,0.21399580659024772,-0.15366582247380195,0.2714783406766271,-0.026563531326389916,-0.24768797575629173,-1.3431739490329568,0.41686522896088407,0.4653457354755991,-0.05434051530115156,-1.0471110696515222,-0.23446840137900157
869224,0,-0.33929161541619784,-0.7630137218799932,-0.3299099544459669,-0.39629166528675297,-0.7049969836571504,-0.17510120950370892,-0.5001801430834536,-0.45891508196842495,-0.1362016469763957,-0.08231622058061559,-0.6731805029578989,-0.8331138702164916,-0.5678379333360679,-0.49509015943334617,-0.5741969259685389,-0.555072678309119,-0.5358573211712856,-0.6825882705500758,0.056428948433927435,-0.727731117397406,-0.3634686149335719,-0.6250321996783649,-0.2914522630380177,-0.40673473437453894,-0.07869814447921764,0.009148819366676246,-0.3031335769202105,-0.19813647254879937,1.0225227944709987,-0.17003024911370151
894855,0,-0.3508051370457584,-1.3578709098865158,-0.36836742568401104,-0.41759377926061886,1.2053679686458918,-0.3056964958288527,-0.6404569803746676,-0.37631193483456266,-0.9853126185274205,0.2507921263254265,-0.6485053817196462,-0.32563664453075314,-0.6047354596323053,-0.4965751806402293,-0.3874411717810423,-0.29880959416320424,-0.41158310131059955,-0.2735856133953806,-1.0203419149930795,-0.2716347111786933,-0.455781843615871,-0.7467602363504191,-0.42404834065311664,-0.4852829105929151,0.9602942124093435,-0.1983088079870382,-0.44930107972323013,0.02296913913306774,-0.8483236187210865,0.07585217400388994
915940,0,0.14427629302533237,-1.2800818929933553,0.11109691681638666,0.025720484519831912,0.12356911469433836,-0.28944463797505715,-0.07345133640597606,-0.1250606956357316,-0.27711793587209804,-0.9047206455146221,0.04990783245871952,-1.1095277948422169,-0.13884269426514692,-0.060827529363368056,-0.6924330775104521,-0.41421283735474207,-0.05239256278468789,-0.5103084498008297,-0.618045040298067,-0.5804344091595595,0.11488175187470387,-1.3784300482702667,0.05232658350181517,-0.01984507182714171,-0.47218886687531136,-0.39660426883301736,-0.10661405810143473,-0.3425509070319209,-0.45716121527732567,-0.774844485288008
8712291,0,0.25653312891354496,0.11554458656041006,0.1616768518142487,0.1161105357062358,-0.8886445344605977,-0.9793746987683359,-0.8780556819291645,-0.7631170565094755,-1.0864832874781807,-1.4216605697588545,-0.7815364701345731,-0.28253481221623344,-0.7661006413011839,-0.49509015943334617,-1.1127928723454483,-0.9876651296256337,-0.7524495329284816,-0.8691167982785827,-0.15844772054263706,-0.8649338887763139,-0.04876442624391695,0.03295718773814308,-0.13579599801159745,-0.16151548446479994,-1.2591703116674988,-1.0042522404353003,-0.9459772765388423,-0.8732043750684017,-0.4250987231917715,-1.3191772978448837
891923,0,-0.08887251997326275,-1.3693104711943338,-0.14932704602384667,-0.19334584972492314,-0.33124552284232267,-0.8112453597808543,-0.9914055212028695,-0.7689416373971196,-0.8082639478635893,-0.5287643369733622,-0.6560152012269406,-0.9766617117509361,-0.6711510069655328,-0.4717541118966107,-0.8852440523968604,-0.9780481926930055,-0.8791331509293239,-0.8048356997471441,0.11611691203852877,-0.7595083260273985,-0.32360608436621574,-1.4294242257950458,-0.38247931860902373,-0.3760601644292136,-0.706514802684221,-0.9568053067345295,-1.1423990244527331,-0.8657826482427166,-0.14134566823461728,-0.9184172105106938
909411,0,-0.8948190340424796,-0.47016095239985906,-0.8319471604991286,-0.801319697195256,-0.5342621512695714,0.13852095217489602,0.0849050566969941,-0.31991940169509897,-1.180427480075315,0.47747166529883356,-0.5190503978320024,0.30027692038444836,-0.018310775030771116,-0.4630561305420093,0.45869624693534483,1.184461502151561,1.0239109485087543,0.9521270210705904,-0.6455015035561835,0.42709002916784317,-0.8082505349482845,0.20567940193497652,-0.5047589965927419,-0.703551093267455,0.2705801371982132,1.0130604924284983,1.0113962392581175,0.6414463746068215,-0.5950299312452085,0.629228937755896
915276,0,-1.2672814587587538,-1.3990533305946597,-1.1500573301964279,-1.0863074381969744,2.0733895954903083,2.249327728185741,0.3955913242990157,0.5868619410404082,0.8718918043543937,4.534206097536325,-0.45825662086819186,0.3265128183150257,-0.5196251656423176,-0.4732391331034938,4.667074632679185,1.3258870452784457,0.6304815943069395,0.43723056432002405,0.6867338440985168,2.858607263632194,-1.1775034496774797,-1.246832170786965,-1.1319354094769738,-0.966501308463509,2.989645241395938,0.7388499376612861,0.09919369668141244,-0.10072630796168314,-0.10126755312767456,2.9512634071054755
9113156,0,0.09246544569231135,1.7697051516708553,0.025821654505940872,-0.010838548921802485,-1.9116187822954218,-1.004332909043808,-0.6820014916016817,-0.816597299205117,-0.39274155753011014,-1.1908344538530067,-0.6116715050886316,-0.5707548909107184,-0.5491431866793075,-0.4127775553946791,-0.5639986595282661,-0.4894512262982447,-0.38970830240655024,-0.8791556600139712,-0.76726494930957,-0.7258618698309359,-0.17045004587058354,1.0462608443595653,-0.19344646653990102,-0.24573756957479703,-1.3829651456797527,-0.7028824063773021,-0.6052456730147462,-0.9027366630622734,-0.9076392290793618,-1.1049487039102461
905501,0,-0.5206295810817719,-0.30543126956728295,-0.5527124780315916,-0.5289980780158361,-0.6992579976945429,-0.7522356378117152,-0.7159807986237765,-0.5740829313377521,0.5430871302644229,-0.9641549148796006,-0.2444055701366696,1.0592439676618637,-0.37597079659563293,-0.3009766731050462,-0.39445247995873,-0.13249315544598805,-0.36181000815211045,-0.16995865354621006,0.6222708434055476,-0.5856683023456759,-0.4431936760682847,0.5363190691117714,-0.5393492777097243,-0.46631077773655777,-0.39702771765358597,-0.48364485065650004,-0.6516868528351037,-0.28905262616344113,0.8718290816688937,-0.8607620216417416
923748,0,-0.9264812185237706,0.5090654955493402,-0.9665483098322828,-0.8329850017510025,-1.5988440473333014,-1.1970335093102424,-1.1277074206914988,-1.2764744356522926,-0.5589505136635018,-0.4790054137840779,-0.30841784117503485,0.16534944531290816,-0.35825998397343894,-0.4095953670942151,0.7818538147614909,-0.8147299754900792,-1.0145666884917859,-1.910567744762747,1.1308122933167504,-0.6002484333641429,-0.9551124896701233,-0.13976502645869038,-0.9920571674161944,-0.8172065807527352,-1.4537050508296125,-1.1774826314779758,-1.3248395329680742,-1.7628838782973966,-0.7264861487959807,-1.0325970943492073
89511501,0,-0.5407782439335025,-0.925455492451005,-0.5694331177003061,-0.55260312323012,-0.7078664766384541,-0.7485596223447853,-0.8720291633252458,-0.8285112146571163,-0.6420549917301976,-0.22882860552684262,-0.518692787379274,-0.7654627334097887,-0.435006838669613,-0.44481158428601597,-0.5490199556941153,-0.6370994933227122,-0.6813722877938748,-1.0779898892245672,-0.8639594503490241,-0.6611859040310694,-0.516624653429204,-0.6974110322941809,-0.47532691529145,-0.514361693662472,-0.32628781250372685,-0.39660426883301736,-0.7543463029643148,-0.9038189982243525,-0.40105185412760586,-0.25877402021591295
86211,0,-0.5465350047482824,-0.32373456765979175,-0.5786294695180992,-0.5721780387736722,0.5669057803057834,-0.6495006792359355,-0.8084301584838911,-0.4978338724449563,0.3046134105947738,0.47056070374476705,-0.13032783571634263,0.5532659361435868,-0.21312971387490492,-0.3296163678092216,-0.5394590809063594,-0.7723023125520139,-0.6560102021080204,0.548953380407411,0.19490502399660253,-0.15910600767719119,-0.7096432224921925,-0.7730798118470789,-0.747497811448758,-0.6702168785291824,-0.8391521248402076,-1.0459400980454945,-1.0813899798045161,-0.8534131035332416,-1.0968079323841309,-0.5894434857878464
865137,0,-0.7681702961173171,-1.929848975277403,-0.7646465858325515,-0.7097781803886434,-0.20570520491027988,-0.721473192588459,-0.6773854347986801,-0.5820255416390852,-0.537271084602625,-0.25094368249985793,-0.9360241857131977,-1.4149886064625101,-0.8561306054640033,-0.6253477338656699,-0.3460107143674339,-0.5743065521743754,-0.5345892168869929,-0.8645831187851816,-0.8508280983560117,-0.6084731226566115,-0.7117412504167901,-1.5873416787750076,-0.698950048477555,-0.6430885016411202,0.9647154564812093,-0.09425277407776199,-0.2972673226271127,-0.37780410945392473,0.1680573803909801,0.05889476551302183
869476,0,-0.627129656155204,-1.053578579098564,-0.5652529577831277,-0.6248575908982323,1.334495152804565,0.4925792839897306,-0.6519971223821714,-0.4814191444888682,0.6478710373919966,2.1347202459641665,-0.022687089445124903,-1.0531206142914755,0.08746213368510956,-0.31709976049406347,0.9702030480802797,1.2427288259198377,-0.1303809762686898,-0.11328765987869469,1.2776446837840694,2.089598814786381,-0.642506328905066,-1.4985131114737789,-0.6224873217979097,-0.6446842885168885,0.41648119156979835,-0.011138835043308735,-0.8643385709598982,-0.8286740141142914,-0.2952456302452772,1.0972534121038635
8912055,0,-0.673183742673445,-1.1977170515770676,-0.7270251465779436,-0.6406902431761056,-1.3248074676187829,-1.175170891006922,-0.8398449895043183,-0.5449600268995316,1.0308742841341605,-0.25094368249985793,0.5698734307256647,0.09788570777713784,0.4298711777141934,-0.045553025521141204,0.28946876319206727,-0.6235226411825312,-0.5345892168869929,1.078422378386767,1.0317302737331122,-0.683616874828711,-0.6089378821115028,-1.2106427544790568,-0.6698213906948328,-0.6019526621768689,-1.2989615083142947,-1.1020910899286132,-0.9955960107679611,-0.4810898077780417,0.3043229717545854,-0.9783333871784291
901836,0,-0.8746703711907496,-0.9895170357747846,-0.876256855621223,-0.7978653003346291,-1.1999845229320658,-0.6452442402742269,-0.6730258255958453,-0.7273753101534773,0.6767769428064994,-0.06711210516166773,-0.852343339774776,-0.34625056433334983,-0.7685604763875998,-0.6003145192353536,-0.5831204091037775,-0.3627339396565562,-0.4683307680326986,-0.783624556403017,-0.2109731285146861,-0.7075432436795286,-0.8648972889124222,-0.7878845730639509,-0.8206228794241328,-0.7555028215563584,-1.0381081080741876,-0.3612644837317538,-0.5656484565363362,-0.7185850661999632,0.46623855678663384,-0.6397504643107562
918192,0,-0.03994005304763172,-1.392189593809969,-0.055273447887325855,-0.16024121314391543,2.0231734683174905,-0.1275064829318786,0.16735296015060536,0.4748711357916142,0.5792195120325516,0.22453047241997146,0.5133709791945938,2.65963374142708,0.6138668421780976,0.10103978218689741,0.9287725906666713,0.3975697801935753,0.49542848802976525,2.7089278247635598,-0.4079434084098706,0.6334549605061458,-0.33409622398920436,-1.6843951134189425,-0.3718594954590732,-0.38989031735253954,0.2838438694138117,-0.7657086910017707,-0.5627153293897873,-0.19349789328274608,-1.2042172808707376,-0.6589688606004074
864033,0,-1.2382098166441144,-0.5182071098926938,-1.217775920854723,-1.035355084502728,0.5095159206797066,-0.38889053008042584,-0.5719854711301445,-0.8057423984599621,-0.8371698532780921,1.0649033973945525,0.001630421340399456,0.3902285704321421,-0.04733682905047801,-0.3629232720207441,2.1430036887116564,0.21937359585370075,-0.1516217230305928,-0.2541555584236611,1.4614836116862413,0.3007288936744618,-1.0830921930705828,-0.6826062710773095,-1.064878811872999,-0.897527853499743,0.6065946866600457,-0.5032780646016465,-0.6893286512158144,-0.9381444847931458,-0.6062518034751521,0.027806183279763377
922297,0,-0.06008871589936223,0.33060833914738313,-0.0778463114400911,-0.18730065521882633,-0.05864368961845653,-0.04527982117160274,-0.6548180459840057,-0.6492729755237038,-0.7070932789128291,0.5438168962178787,-0.46683927173367085,-0.3162666809841186,-0.3774466976474825,-0.35761962485330423,-0.2637871911927343,-0.2105600552520283,-0.18554351263542299,-0.4434366772731617,-0.6765392446305761,-0.08770075063803197,-0.24388102323150296,-0.14305497339577283,-0.23076755932401363,-0.3273000098918468,-0.2909178599287961,-0.3252702581656519,-0.6516868528351037,-0.7045147090929353,-1.0615391910900218,0.041372110072457544
897137,0,-0.8142243826355581,-1.023835719698238,-0.8465777202092545,-0.7480644122605914,-0.9711424576730834,-1.1523409002123044,-1.1152222692773806,-1.198610379331559,-0.15426783786046003,-0.2951738364458877,-0.6728228925051705,-0.4116529098888603,-0.6465526561013746,-0.5283970636448687,-0.48081904887479077,-1.0362589462440313,-0.9836978599513904,-1.4343694808308551,-0.4258497974912506,-0.6742706369963603,-0.7243294179643764,-0.5855528364333746,-0.7493183525601783,-0.6746496198507612,-0.7241997789716863,-1.0174064937785483,-1.2978645403103128,-1.5051334904137097,-0.1541706650688393,-0.5657031139006313
894604,0,-1.1020624233745642,-0.7035280030793409,-1.0497334921841395,-0.937480506784966,0.681685499557938,0.13465146220970672,-0.26527414133070754,-0.22672610749279296,-0.26266498316484616,1.3606925519086306,-0.12460606847268971,0.4783062277705091,-0.6130988989261192,-0.36695404386799846,1.0721857124830079,0.9734545918062494,0.25480570008522246,0.5894326615984934,0.790590900770523,1.4065757539981936,-1.034837550804836,-0.8240739893718586,-1.0694301646515496,-0.8560373947297655,0.3192138219887412,-0.11388598802290846,-0.39699364560977496,-0.25627333268333224,-0.4860174581543248,0.7253209192041498
898143,0,-1.2874301216104842,-0.5525257938161466,-1.2537252961424599,-1.0632781257927952,-0.8456021397410396,-0.22946754351462056,-0.047806576389300706,-0.6696590086304582,0.7960138026413239,1.1478349360433584,-0.7801060283236598,-0.5113493220250541,-0.6957493578296912,-0.5920408296541473,-0.37341855542566726,0.5242870668352638,0.5794403968641576,-0.5326530130183069,-0.3661618338866493,0.07380223910498752,-1.146033030808514,-0.4194105161107061,-1.0779260231715102,-0.9212873469834053,-0.4279764261566491,0.577203142846247,0.7972779575600484,-0.5073750902856764,0.11355114384553867,0.7948462940167108
902975,0,-0.537899863526112,-1.1817016657461228,-0.5372458863380303,-0.540800600622978,-1.1131823602476238,-0.5012992135691795,-0.2507848519212859,-0.6055886188663727,-0.6131490863156949,-0.1942737977565062,-0.486150236180999,-0.7212365054696727,-0.36711539028453605,-0.4246577250497444,-0.8670783903001245,0.27254960006940937,0.36259456425010334,-0.15052859857449052,-0.16202899835891302,0.29474730146175754,-0.6467023847542613,-1.0412104872193062,-0.5803114527166768,-0.6086904289856688,-1.3431739490329568,-0.06742071501939503,0.1788769841626572,-0.3496633952398691,-0.3754018604591627,0.2290340973714014
89382601,0,0.1529114342475024,-0.815635703895955,0.043796342149809576,0.04328033522801867,-1.4646952504573463,-1.334787352070987,-0.9421675819708529,-0.7795317844655635,-0.6637344207910745,-1.4368646851778022,-0.3094906725332198,-0.5701926930979204,-0.4374666737560288,-0.23499930234209404,-0.6675748030622871,-1.0986558958716128,-0.8457503056453181,-0.8866038477531303,-0.671764207542208,-1.0986646044877397,0.05194091413677273,-0.6365470139581538,-0.09331670541179445,-0.05743471823412997,-1.4094926101109502,-1.1945635276102533,-1.0928291756760569,-0.8640818358451638,-0.6110611772879856,-1.539623608226173
873586,0,-0.3651970390827084,-1.4173566286871682,-0.4323238724168446,-0.4060791230585292,-0.660519842446941,-1.2846774570217836,-1.009831281274851,-0.9243520456265336,-1.2635319581420108,-0.22329983628358804,-0.4064031052225886,-0.42327166468668737,-0.5240528687978661,-0.38583502778408446,0.44881667632133054,-1.079252311354604,-0.8186445765685613,-0.7110856845085977,-1.183886935269687,-0.18041542993495077,-0.5418009885243763,-1.5577321563412652,-0.6091366869808288,-0.5363480906175028,-0.7418847552591511,-1.302022651936688,-1.19001345513171,-1.145952835912327,-1.8085952566834336,-0.6216625619204965
85713702,0,-1.693281759052483,-0.5525257938161466,-1.668815175918305,-1.2895411201638567,-0.7602347235472501,-0.8650312702969878,-0.9240880261590969,-1.1198196851423365,-0.16872079056771191,0.2881113187173907,-0.8805945655403116,-0.48548822263634217,-0.8605583086195518,-0.6740352148627681,0.5871306649175311,-0.5081193979909935,-0.5111292876275778,-0.9525041175322121,0.6174958063171793,-0.46790570565805734,-1.520740818141663,-0.602002571118787,-1.5024155256509684,-1.1188103002729564,-0.14501680555721097,-0.7702897742556383,-0.9885076201638013,-1.3664399703587204,0.3107354701716964,-0.5707903364478913
895299,0,-0.5897107108591335,-0.30314335730571984,-0.6496921881101373,-0.5868592254313365,-1.418065989511159,-1.2618474662271655,-1.1078840211986087,-1.128424179635447,-1.5670439649942922,-0.3103779518648365,-0.6045192960340655,-0.573565879974709,-0.677546578190214,-0.48808934517232555,-0.7638209425923621,-1.0496660877324597,-0.9770308016767214,-1.2708331848188832,-0.7051894671607848,-0.7770792531522176,-0.6592905523018476,-0.5542983405310903,-0.729292400334557,-0.6202155564217736,-1.4006501219672176,-1.1747339815256552,-1.2870413011395474,-1.3305682907012426,-1.186582910223683,-0.7810622017346597
923169,0,-1.2652665924735809,0.0194522715747406,-1.2783882396538144,-1.0483090727300788,-0.8384284072877797,-1.041673487207886,-0.8280483998966476,-1.0219137754945729,-0.851622805985344,-0.08231622058061559,-0.38208559443706425,0.27591501516319816,-0.3882699720277123,-0.4611468175617309,0.10016344239450295,-0.803981634212436,-0.27367676039376676,-0.3537345901537233,0.1746111163710381,0.11978572924015278,-1.1082685281657554,-0.0048772020383061965,-1.1431620796640647,-0.9024925237799113,-0.5782987246001006,-1.033636617306536,-0.8677605526308719,-1.168218016389382,-0.5757924359938763,-0.2819491451534327
88147102,0,0.2651682701357149,-0.8568181246040988,0.2431899701992335,0.09970215061825795,-0.9245131967268949,0.10563028747078583,-0.2936116011491338,-0.27570553768434586,0.23596188523532885,-0.5356752985274297,-0.6105986737304466,-1.3477122681976725,-0.2790532941908494,-0.4263548921433252,-0.9582253966100629,0.3749416932932739,0.1406763144988781,-0.040424953734746784,-0.7947214125676866,-0.23537130838917272,0.04145077451378408,-1.0379205402822238,0.22527798908672678,-0.11523766506751729,-0.8568371011276724,0.7152900809271104,0.33824355912514703,0.3693163909983697,0.06866365492576246,-0.032109993387971957
901303,0,0.6019387778003527,-0.7286950379565399,0.6131341228695484,0.39908321187258844,0.15800303046998423,0.7673130715181818,-0.2748909263369608,0.15240115755749795,0.6298048465079322,0.3834825881635186,-0.8155094631437614,-1.3619546127885573,-0.7351067192123445,-0.5317913978320302,-0.8336153285429793,-0.41421283735474207,-0.39604882382801376,0.025961067418628227,-0.14651012782171688,-0.05143734784851141,0.158940338291255,-1.0658850892474252,0.19190140204402428,-0.02073162009145747,-0.41913393801291704,0.010457700296352531,-0.29140106833401486,0.17140367564676842,0.3876854511770268,0.30590768253000483
87930,0,-0.46306197293397044,-0.14985323578096169,-0.44068419225120214,-0.48351518601758214,0.21897975632269143,0.03210997813218633,-0.10127590102406886,-0.26485063693919086,0.39494436501509556,0.10842631831164018,-0.02304469989785316,-0.32188865911209924,-0.17032858337126958,-0.20551102409112823,-0.0550414249933995,-0.3582083222764959,-0.15827927052312962,-0.23148716095665484,-0.32796153717970483,-0.09256079431085432,-0.2606652466282846,-0.16114968154972673,-0.3254356971178601,-0.34627214274820417,0.425323679713531,-0.10210605965582044,-0.019109098229392826,-0.19349789328274608,0.164851131182425,0.18720582309392575
86409,0,0.052168119988850334,0.09037755168321034,0.2590745778845124,-0.057472906540265635,-1.3075905097309604,2.3054353326809878,2.722853295812302,0.7880747353408418,-0.40358127206054856,2.037966784207224,-0.14212898065637636,0.513912089247721,0.2734256662181465,-0.22757419630767817,-0.5824830174512606,2.7729532025527286,3.534757431408331,1.8005727548356742,0.607945732140443,3.4193815335732345,-0.19143032511656047,-0.31084226718698227,0.006813055716312134,-0.2911288407077639,-1.922799046854618,1.0857033840255401,1.9910607062054473,0.5641367201726022,-0.8226736250526429,1.3572670089638461
872113,0,-1.5565586897014552,-1.0993368243298351,-1.555532842162762,-1.2167109196856396,-0.37428791756188073,-1.1875532588955284,-1.1277074206914988,-1.2764744356522926,-0.33854298487791706,0.5935758194071629,-0.6513662653414726,-0.8029425875963278,-0.6927975557259921,-0.6071031876096766,0.6521446134742702,-0.9863074444116156,-1.0145666884917859,-1.910567744762747,0.7810408265937867,-0.16247065329683738,-1.4582195859886518,-1.411329517641092,-1.4690389386082663,-1.0886676592862206,-0.7418847552591511,-1.1965268490047678,-1.3248395329680742,-1.7628838782973966,-0.511667451822768,-0.3226469255315176
91858,0,-0.6703053622660551,-0.3877961109835714,-0.6580525079444948,-0.6533563649984042,0.7677702889970541,-0.13563241185877653,-0.4504293086511034,-0.10096811105502176,-0.7865845188027125,0.5286127807989307,0.12822452160621686,1.2953670490370597,0.15043391189735492,-0.19766162628331718,-0.17168409740402013,-0.4125157308372195,-0.46389240303767404,0.220261617135823,-0.26469229575882713,-0.5666019771676805,-0.5690753515441466,0.38827145694305737,-0.5539136066010854,-0.5689730667443228,0.08488788617983163,-0.44503286323104524,-0.6570642526037767,-0.20122885872616803,-0.6944236567104266,-0.3740843979538181
87127,0,-0.9437515009681107,-2.183807236310957,-0.9556798940476185,-0.8413331274975174,-0.04716571769324157,-0.9050804914366984,-0.8031729826804725,-0.8269226925968499,-1.5706572031711048,0.14574551070360436,-0.8215888408401424,-1.5167464105789634,-0.8448153640664906,-0.6045574369693054,0.217762202283899,-0.883971921405002,-0.6661550363823622,-1.0452826300221727,-0.958266432844294,-0.6406241807998978,-0.9677006572177096,-2.2371061988488092,-1.0048009551961354,-0.8141923166540617,0.4695361204321933,-0.8357338207394597,-0.8130088458952925,-1.0511711995759743,-1.3164360031701772,-0.4068687210361635
88350402,0,-0.12629146526933324,-0.8362269142500268,-0.17775213346066213,-0.21464796369878922,-0.16983654264398165,-0.7321142899927301,-0.5244144412992118,-0.2886784678431895,-0.3566091757619814,-0.8770767992983531,-0.28016661540949944,-1.0392530682424563,-0.41680405903013584,-0.27127624896738284,-0.2089715090762677,-0.7332688626489937,-0.4407494998493319,-0.12462185861219782,-0.1894854616170297,-0.7624991221337506,-0.2858415817234572,-1.0806898504642966,-0.38429985972044395,-0.33652011184073083,-0.2290204429226697,-0.8134828449349605,-0.5754255470248325,-0.33698461191265716,-0.6110611772879856,-1.0789473442242479
9110720,0,-0.6012242324886935,1.2892435767425106,-0.5861537573690212,-0.6003889464687918,0.45929979350688876,-0.23140228849721534,-0.43004172443784655,-0.1449172213890639,0.015554356449744105,0.7677320505696598,-0.5015274856483158,-0.022049825619787158,-0.4812517382942306,-0.43675004059150735,0.3806157695020057,-0.2937182746106364,-0.27462783860698625,0.7853523825633316,0.044491355713007254,-0.05966203714097996,-0.6781728036232268,0.7797751424558794,-0.6764967081033733,-0.6370599734437731,-0.0831193885510846,-0.46597495810586814,-0.5382726031685466,0.09564021430123376,-0.5004455795928234,-0.09485240480418504
864685,0,-0.618494514933034,0.5205050568571582,-0.6312994844745511,-0.6081613394052023,0.07765722699347655,-0.49626887661443303,-0.7009786140140214,-0.7448490528164098,-0.4613930828895541,-0.13898610532396735,-0.32451031154780824,-0.5492039747534586,-0.41483619096100316,-0.3221912617748058,0.21585002732634787,-0.021049827462003044,-0.43282384807250246,-0.6620247957050058,-0.9296162103140855,0.00837857427853289,-0.5334088768259857,0.08724131220000471,-0.583649111420947,-0.5145390033153352,0.7524957410316307,-0.08836280989421798,-0.590091182757577,-0.642357746927823,-0.758548640881535,0.06906921060754286
898678,0,-0.5810755696369629,-0.08121586793405586,-0.6258652765822189,-0.5888742902667022,-0.9137525980470056,-0.8938589705376492,-1.031411346828883,-1.0517515148599133,-0.9419537604056658,-0.34078618270273225,-0.5705463030248773,-0.11949744650478872,-0.6317936455828795,-0.465814027069078,0.017302527567285897,-0.8192555928701396,-0.8296770838419079,-1.020833144182759,-0.08920968276129952,-0.40360358937148477,-0.5397029605997786,0.2369338978372603,-0.6139914632779491,-0.5507101724994181,-0.18038675813214175,-0.7735619765798294,-1.1045616842622525,-0.9754077382304395,-0.04996756579078821,-0.18981389235304816
908469,0,0.22487094443225392,-0.5296466712005109,0.13617787631945863,0.06861257887261606,-0.5278057920616372,-0.6462116127655244,-0.6986705856125206,-0.5147781077544664,-0.8769154732230343,-0.8176425299333746,-0.3566952522933551,-1.025947720006235,-0.6057193936668717,-0.3406479539174966,-0.43652032902485555,-0.49737105671335013,-0.5513915986538714,-0.5697320345893383,-0.6037199290329627,-0.6226794041617846,0.020470495267806782,-0.8355888036516476,-0.13579599801159745,-0.16967172849650497,-0.4942950872346425,-0.6439827645418627,-0.7284370131697997,-0.5304133673070736,-0.6190768003093742,-0.8997640611707387
917897,0,-1.2180611537923838,-0.8179236161575184,-1.1968751212688296,-1.0267190923511607,-0.12033778871648941,-0.38598841260653377,-0.8289459664972313,-0.6368295527182821,-1.548977774110228,0.8244019353130106,-0.5462287922393531,0.0004380868921362799,-0.4266433993757992,-0.5247905835710095,0.5119184499205188,-0.2841013376780082,-0.6778850010120699,-0.8093693792405453,-0.2778236477518397,-0.12695494953390482,-1.0432296625032267,-0.4325703038590366,-0.9847750029705141,-0.8806834364777436,0.3943749712104672,-0.19045552240897956,-0.912539627068185,-0.7535290300042302,-0.6559486662077618,0.44665417300421295
905189,0,0.5933036365781821,-1.0055324216057295,0.5295309245259744,0.43218784845359615,-0.11818566898051136,-0.370123503749257,-0.4224765202329273,-0.07766978750444525,-0.29157088857934993,-0.5799054524734604,-0.5859235524921941,-1.0842288932663031,-0.5481592526447412,-0.3849864442372941,-1.0095354246376858,-0.7344002669940087,-0.43409195235679526,-0.494278654449161,-0.6646016519096559,-0.8271750879336173,0.3141944047114852,-0.9935062566316096,0.2768599872436303,0.1324639199823056,-0.5473500160970374,-0.5314190045896897,-0.19558558154675107,-0.017231881172726338,-0.2134862754271142,-0.79519337547705
8612080,0,-0.5983458520813035,-0.824787352942209,-0.6137428128224004,-0.594631618367747,0.04537543095380774,-0.6286054334239122,-0.5954504265454025,-0.7832383359395189,0.9513830442442771,-0.451361567567809,-0.6274063650086766,0.07352380255588724,-0.6898457536222932,-0.5052731619948307,-0.36863811803178925,-0.41421283735474207,-0.37829536384791573,-0.7727761090438069,-0.1011472754822197,-0.4585594678257067,-0.5334088768259857,-0.11838037136765403,-0.5763669469752667,-0.5413127608976711,0.2086827201920856,-0.34752123397015117,-0.2166063260970181,-0.5828293130134743,0.749991611743788,-0.27968815735465036
85759902,0,-0.7365081116360266,-0.11553455185750877,-0.7646465858325515,-0.6933697953006657,-0.0973818448660585,-0.9559642844789398,-0.7384199636383674,-0.6733655601044135,0.37687817413103125,-0.5356752985274297,-0.27766334224040123,-0.48099064013395754,-0.32480622679818383,-0.3501945188188884,0.38316533611207426,-0.9458597390773266,-0.5868985186140674,-0.5067462730560142,1.3862767775444438,-0.5411802102636867,-0.7075451945675948,-0.5181089242231826,-0.7575107875615688,-0.6507128167142358,-0.35723652100679004,-1.0876933997021725,-0.8811551666001118,-0.7863083234843393,0.6329635156315158,-0.7816274486843551
8510824,0,-1.316789601765863,-1.5592071889041084,-1.308067375065783,-1.0822773085262432,0.4162573987873317,-0.7588137707525372,-0.7486778676450374,-0.7268458028000552,-0.002511834434320251,0.8437526276643992,-0.44788591773907116,-0.44782096917887043,-0.4596051895337713,-0.5150318727829202,0.7904586020704708,-0.6291796629076066,-0.3852699374115257,0.39027459813836857,-0.0354905155171585,-0.323599793526563,-1.2551304828875942,-1.6383358562997872,-1.2636212165363627,-0.989906182641445,-0.025643215616823947,-0.9070678314068251,-0.8913722261605905,-0.8000694419736303,-0.7393111456302024,-0.36504044675868863
903483,0,-1.5384248931348976,-0.5525257938161466,-1.520001482866743,-1.1962724049269304,0.5238633855862264,-0.5777216403816711,-1.1277074206914988,-1.2764744356522926,0.6117386556238679,1.1105157436513962,0.4089487269979308,1.6176937950412957,0.1592893182084518,-0.23606003177558196,2.7708344664409537,-0.32709470278858116,-1.0145666884917859,-1.910567744762747,-0.2288795175960666,1.0850651725653302,-1.2677186504351807,-0.46382479976132035,-1.2976046506162047,-0.9861826799313188,0.5756459781569819,-0.8010484761030343,-1.3248395329680742,-1.7628838782973966,-0.7473267686515909,0.252209222308922
871122,0,-0.5810755696369629,-1.4905698210572018,-0.618340988731297,-0.5793746988999782,-0.25018234612048934,-1.0008503680751375,-0.8748500869270801,-0.756762968268409,-0.8154904242172153,-0.5356752985274297,-0.7879734582836825,-0.9131333589047523,-0.822676848288748,-0.567007615023831,-0.5091829774117995,-0.8854993172707724,-0.7501035400025399,-0.894861621116111,-0.7063832264328768,-0.4873458803493467,-0.6446043568296637,-1.1859681524509378,-0.6886336488461743,-0.6035484490526374,-0.24228417513826814,-0.852094832360415,-0.9026647656748038,-0.6766832334966163,-0.6367111709564288,-0.2943845780467369
901315,0,-1.0099542503380823,0.22078855059233268,-0.8979936871905521,-0.8968913436725999,-0.42091717850806826,1.1968264576542107,1.795795221209489,0.2964271576883347,1.3452260055168794,2.9792397478711883,-1.040804048362589,0.02854797753204078,-0.23625216368721383,-0.6947618679931231,0.43766232240228203,2.884396530536714,3.8517835024815104,2.815793127108017,-0.5249318170748889,3.1277789132038936,-1.125052751562537,-0.4605348528242379,-0.9183252524036793,-0.924301611082079,-0.8258883926246092,0.7100545572084045,1.6229532493135612,0.5022889966252267,-0.5036518288013794,2.0242584096046694
868871,0,-0.8055892414133881,-1.341855524055571,-0.7788591295509593,-0.763033465323308,1.4205799422436811,0.1830200867745749,-0.5333901073050481,-0.006715802145871205,-0.16149431421408597,-0.30761356724320876,-0.22938593112208117,0.2384351609766591,-0.488139276536195,-0.2895207952233761,1.3207684569646587,0.5395610254929674,-0.3212306710547435,1.2711037568563186,-0.5691009101422937,-0.1463951242251942,-0.9005637636305832,-1.6202411481458332,-0.9177184053665394,-0.7787303860814313,0.1644702794734234,-0.46597495810586814,-0.901051545744202,-0.43145700963127287,-1.2971985079188446,-0.9240696800076501
857155,0,-0.583953950044353,-1.0581544036216908,-0.5681790697251524,-0.5773596340646125,0.4664735259601486,-0.2557800752779088,-0.2824561305418799,-0.5486665783734869,-0.5083651791881212,-0.3476971442567997,-0.49687854976284795,-0.911446765466358,-0.4896151775880444,-0.42656703803002277,-0.5219308104621406,-0.6320081737701444,-0.2784321514598644,-0.9941168185966447,-0.7505523195002818,-0.5277216277851017,-0.5145266255046065,-0.8092692281549873,-0.5126480080755627,-0.5152482419267878,0.725968276600434,-0.2473918428499042,0.16616676652761206,-0.7504366438268616,-0.263183138159723,-0.06659005731940434
8510653,0,-0.28748076808317685,-0.8110598793728275,-0.2509049320112894,-0.3738380856926783,0.7821177539035729,0.44227591444226794,-0.5419811019106343,-0.45309050108078086,0.5467003684412364,0.7138265504479349,-0.7772451447018335,-0.8771526988856749,-0.7183798406247168,-0.5368828991127724,-0.9652367047877506,-0.36556245051909375,-0.4762564198095281,-0.8597256050422516,-0.4521125014772754,-0.5266000792452196,-0.3592725590843766,-0.843813670994354,-0.3242220030435798,-0.4303169182053381,-0.07869814447921764,0.15836124534978924,-0.40090448180517346,-0.6367914518085592,0.4373823139096356,-0.13328919738348677
8910506,0,-0.34792675663836836,-0.6966642662946501,-0.38676012931959725,-0.39629166528675297,-0.1684017961533293,-0.8116323087773732,-0.6276346003663299,-0.848897247763871,0.7020696100441897,-0.7264178374196864,-0.6009431915067827,0.006060065020117347,-0.6381892168075607,-0.4611468175617309,-0.5123699356743846,-0.20716584221698303,-0.19378619048332563,-0.8856323450045444,0.640177232486928,-0.6267917488080188,-0.48515423456023854,-0.3256470284038537,-0.5311568427083339,-0.4888291036501781,-0.32628781250372685,-0.47513712461360325,-0.3510413203138424,-0.8691842730378223,1.1106946477062727,-0.7669310279922693
864018,0,-0.7883189589690476,0.4587314257949424,-0.8005959611202884,-0.7293530959321958,-0.6461723775404212,-0.742755387397001,-0.4695346548635265,-0.7737072035779193,-1.1876539564289408,0.32404831879854,-0.601300801959511,-0.4303928369821298,-0.6130988989261192,-0.4999695148273909,0.6333415597250172,-0.5584668913441644,-0.24007199686000974,-0.8686310469042897,-0.5834260214073982,-0.5071599045539302,-0.6718787198494339,0.5807333527623857,-0.6913644605133046,-0.6296129680235206,1.6323233113330085,-0.22121422425637574,0.20038658323734918,-0.4829452394844629,-0.13172692060895122,0.23355607296896613
921386,0,0.11261410854404187,1.3121226993581456,0.17463534755750276,0.018811690798578196,-0.5902172644049958,0.36488611513847885,0.16607072214977153,-0.24658263324612525,0.2034427416440136,0.0641961643656095,-0.530493932319308,-0.2562989142856561,-0.1122764753318558,-0.35783177074000183,0.003917302864427951,1.1929470347391744,0.19932613764741614,-0.02909075500124365,0.013453614638614619,0.8514092267565636,0.0015882439464275147,1.0051365076460337,0.20403834278682528,-0.11399649749747534,0.04509668953303636,1.091593348209084,0.6501327457081792,0.10027879356728683,0.4421916877224682,1.0237713086434341
863031,0,-0.7019675467473455,-0.21162686684317822,-0.6881496593481814,-0.6832944711238372,1.2627578282719685,-0.047214566154197515,-0.22116515410202597,-0.3538078723141195,-0.05309716890969984,0.311608588001218,-0.34525171780604963,0.826868871705322,-0.3385813032821125,-0.41065609652770313,0.45072885127888196,-0.13249315544598805,-0.08092490918127393,0.35303365944257276,-0.5870072992236741,0.002396982065828475,-0.6446043568296637,0.5988280609163401,-0.6452440856906612,-0.6232298205204471,1.5836896265424805,0.08244615142855627,0.07963951570441982,0.12037930372018397,-0.168598786507338,0.38334651463830366
894089,0,-0.45730521211919045,-0.5502378815545828,-0.5201072306775977,-0.48437878523273875,-0.8240809423812601,-1.273068987126215,-1.0703529149142044,-1.106423149100755,-2.170454740522041,-0.8591082992577775,-0.825880166272882,-0.9382448612097337,-0.8836807584318607,-0.5788877846788965,-0.7004004731669152,-1.268875679579131,-0.9315058578706129,-1.3616686918116718,-0.7923338940235026,-0.9307314031160628,-0.6026437983377098,-0.9721216015405727,-0.6764967081033733,-0.5833351486262379,-0.9983169114273918,-1.3342211228067282,-1.2300995261345449,-1.3324237224076638,-1.5937765597102205,-1.268870319321974
912558,0,-0.10902118282499325,-0.3694928128910626,-0.16186752577538263,-0.22673835271098314,0.20821915764280216,-0.4753736308024101,-0.5445455779123018,-0.4398528172452259,-0.30241060310978835,-0.28549849027019436,-0.570188692572149,-0.5051651460842751,-0.6293338104964636,-0.4102318047543079,-1.236765548760015,-0.9761813755237307,-0.4762564198095281,-0.4155869318136971,-0.9212598954094413,-0.8634384907231378,-0.26276327455288223,-0.3437417365578076,-0.3336281321192505,-0.33102351260197305,-0.5782987246001006,-0.7774886193688586,-0.47325495142004614,-0.3594044116985806,-0.6302986725393177,-0.8245862168612222
9010877,0,-0.1953725950466948,-0.5273587589389478,-0.2571751718870571,-0.2805693704557523,-1.235853185198364,-0.9128194713670774,-0.8480513127096545,-0.8864922698568467,-0.598696133608443,-0.8204069145550014,-0.8730847460330173,-1.1307039124576115,-0.8890923956219755,-0.5676440526839239,-0.8705840443889682,-0.7321374583039786,-0.5545618593646031,-1.0226142325551666,-0.9140973397768892,-0.6578212584114231,-0.31101791681862945,-0.6447718813008603,-0.3949196828703945,-0.37180473276049797,-0.5164013075939736,-0.5615232659722476,-0.6580419616526263,-0.6825587672336171,-0.2728018857853891,-0.4730026141505505
91813701,0,-0.1781023126023543,-0.11553455185750877,-0.1752440375103548,-0.2843116337214313,0.7821177539035729,0.1868895767397642,-0.5890392365412336,-0.4419708466589148,-0.3349297467011036,0.031023548906087918,-0.725034018603502,-1.1411982716298423,-0.6888618195877267,-0.5071824749751092,-0.8645288236900562,-0.6229569390100237,-0.5361743472423589,-0.7174004523744064,-0.8388905056350916,-0.7651160687268088,-0.18094018549357221,-0.07561106118558075,-0.147932938754398,-0.2719793981985436,1.3007300059430418,0.3861065271134881,-0.02741962514461458,0.4435336592552202,0.9728259317383898,0.1391598323697992
865432,0,0.12124924976621186,-1.9138335894464582,0.11067890082466858,-0.026383334794623427,0.9686347976883238,0.11143452241856991,0.006047419645717427,0.25327230838442594,0.14563093081500708,0.1485098953252302,-0.3920986871134567,-0.6723252957562392,-0.4502578162053912,-0.33492001497666146,-1.0541528403138793,-0.7174292018187826,-0.10089755165888427,0.0324377524092014,-0.17516035035192556,-0.38341571565360727,-0.10750920813265279,-1.5856967053064663,-0.12062482208309644,-0.22641081741271352,-0.07427690040735191,-0.48822593391036756,-0.0733719504405473,0.12501788298623703,-0.03553944435228865,-0.23333790747961
868682,0,-0.7624135353025371,-0.8842730717428612,-0.7763510336006519,-0.7198535045654718,-0.014883921653572768,-0.6820043949435266,-0.6785394489994305,-0.5153076151078886,-0.2951841267561624,-0.5937273755815944,-0.8105029168055652,-0.4159630931203122,-0.8364519247726767,-0.5793120764522915,-0.6350678287839172,-0.5788321695544357,-0.5599513025728473,-0.5177566375399887,-0.6634078926375637,-0.8395121218723202,-0.8166426466466751,-0.5921327303075395,-0.8145544090527324,-0.7290836832797488,-0.6180899212468971,-0.5798475989877175,-0.6409320532977577,-0.4523306163285121,-0.3770049850634402,-0.9348093720518665
894047,0,-1.5778587047161416,-0.14985323578096169,-1.5693273698894517,-1.233982903988774,0.774944021450313,-0.883604822129897,-1.1277074206914988,-1.2764744356522926,1.2548950510965577,1.4712679367737083,-0.2351076983657339,2.9257407061515077,-0.30561951312414026,-0.4702690906897275,4.342004889895488,-0.6455850259103252,-1.0145666884917859,-1.910567744762747,4.881603926229894,1.1164685316820284,-1.5232584516511805,-0.5230438446288059,-1.5209243602837397,-1.1225338029830825,0.07604539803609894,-1.1500615760012545,-1.3248395329680742,-1.7628838782973966,0.37005108052997127,-0.1711607430130931
884689,0,-0.7365081116360266,-0.9895170357747846,-0.7424917382715044,-0.7011421882370762,0.3373463418014754,-0.5042013310430715,-0.5727548139306448,-0.5010109165654895,0.2431883615889548,-0.17492310540511766,-0.523341723264742,-0.33313261536806094,-0.5693138343879174,-0.45308527386722225,-0.14778191043463051,-0.7445829060991445,-0.34722680888274426,-0.281681469633597,-0.45330626074936736,-0.39238810397266394,-0.747407725134951,-0.7286655281964647,-0.7857291747885808,-0.6762454067265296,0.26173764905448055,-0.6230406696670397,-0.4429459709057076,-0.27730155868943984,-0.3962424803147724,-0.34469155656964584
904357,0,-0.6559134602291046,-0.45643347883047725,-0.6843875154227205,-0.6274483885437026,-0.41087395307350466,-0.8091171403000001,-0.7618849190536253,-0.8428079131995156,0.11311178722369183,-0.38086975971632225,-0.21007496667475303,-0.14198535901671214,-0.30414361207229074,-0.3164633228339707,-0.5298982061186037,-0.3282261071335962,-0.3554694867306469,-1.036539105284899,-0.6920581151677724,-0.28509329365727826,-0.5795654911671352,-0.1858242835778461,-0.6303763332807303,-0.551774030416597,-0.37934274136612117,-0.5288012427303368,-0.6164893270765169,-0.9347428599980402,-0.21188315082283668,-0.16833450826461455
922296,0,-0.2500618227871058,2.014511763658155,-0.28225613139012967,-0.32087066716306606,-0.7093012231291065,-0.6843260889226405,-0.7447029298424528,-0.4094061444234498,-0.6781873734983264,-0.7098315296899247,-0.5987975287904128,0.7144293091457048,-0.6416329859285429,-0.4694205071429371,-0.6860591609852815,-0.663121793258059,-0.5396616340241638,-0.4343693182863592,-0.39719957496104236,-0.9311052526293567,-0.3865469221041469,1.9000020745324846,-0.4337578932473571,-0.4319127050811064,-1.1397967217271106,-0.7545832030995211,-0.8056760280289204,-0.5324234183223633,-0.7024392797318151,-1.116818889853854
925292,0,-0.008277868566340694,1.8063117478558721,-0.010545736773514027,-0.1423934960306767,0.19315431949095677,0.16367263694862763,-0.5555728247194722,-0.13697461108773096,-1.0069920475882972,-0.17077652847267696,-0.13604960295999535,0.5176600746663749,0.022030520386448448,-0.21505758899252003,0.04152341036293407,0.07568524403678618,-0.3580056952992323,0.722204703905243,0.027778725903718753,0.5497126695282837,-0.19143032511656047,1.2420126871159767,-0.1995149369113015,-0.29520696272361635,-0.3926064735817196,-0.1767122726473771,-0.6766184335807692,-0.14247352135616143,-1.0599360664857438,-0.05528511832549175
90250,0,-0.583953950044353,0.79276661598322,-0.5384999343131839,-0.5816776301403962,-1.95466117701498,0.06113115287110723,-0.10922577662923816,-0.48803798640664564,-2.213813598643795,0.5037333192042887,-1.0125528225970535,0.40896849752541165,-0.5240528687978661,-0.6455228076906112,-0.6640691489734434,1.1403367326959732,0.3502305474782493,0.788590725058618,0.4933448420196087,1.3175995698342151,-0.7641919485317326,0.5083545201465701,-0.5891107347552076,-0.6822739349238768,-1.9891177079326114,0.4450061689489275,0.09870484215698767,-0.07444102545404849,-1.1545204181381288,0.5257887459615987
898690,0,-0.7509000136729765,-0.7378466870027939,-0.7780230975675237,-0.7115053788189569,-0.4187650587720912,-0.8760593166977776,-0.7959924498758034,-0.6617163983291253,-0.6565079444374495,0.10704412600082726,-0.8290986603474367,-0.8512915994969631,-0.8625261766886845,-0.5882222036935906,0.6581998341731822,-0.9557029568789578,-0.7165621816829977,-0.8880611018760092,-0.3601930375261894,-0.3082719634815079,-0.776780116079319,-0.7944644669381158,-0.8224434205355531,-0.7046149511846338,0.8895543072594845,-0.9253921644222953,-0.8446377336255783,-0.7504366438268616,-0.09645817931484107,0.19455403343996902
858981,0,-1.5775708666754023,0.3946698824711628,-1.5455004583615335,-1.2322557055584606,1.987304806051192,-0.28073828555338076,-0.743036020441369,-1.0313390063854877,0.044460261864246876,0.6391881656640084,-0.15857906148187803,1.5952058825293722,-0.17229645144040226,-0.4579646292612669,1.5311077022952857,0.3494850955304348,-0.06348847527224914,-0.4113770865698245,1.5522093163652355,-0.29369183246304087,-1.3946493398733415,0.2336439509001778,-1.3567722367373587,-1.0626031403153373,1.3670486670210351,-0.5471255757458068,-0.884821575533298,-1.3333514382608747,0.09751989780276157,-0.399520510690121
917080,0,-0.3824673215270489,-0.5845565654780365,-0.3813259214272645,-0.44925908381636537,1.1408043765665552,0.14625993210527488,-0.6301990763679974,-0.48353717390255696,1.0995258094936045,0.45397439601500433,-0.06846122739434696,-0.3987223601945045,-0.1713125174058358,-0.24093938716962665,0.12215345440634115,-0.5562040826541341,-0.38780614598011115,-0.42109211405568414,-0.3005050739215881,-0.0764852652392113,-0.3697626987073653,-0.6381919874266954,-0.398864188611805,-0.44166473598857975,0.6419646392349753,-0.3632278051262684,-0.6291995447115621,-0.5189715384508092,0.2562292336262541,0.07811316180267229
884437,0,-1.0358596740045927,0.13842370917604505,-1.0413731723497819,-0.8986185421029135,0.7462490916372746,-0.8596139843457224,-0.5082582424887063,-0.46368064814922466,-0.284344412225724,0.20103320313614223,-0.10958642945810125,2.6165319091125605,-0.16048924302560624,-0.35549816598632833,2.840947548217829,-0.6552019628429534,-0.42331306594030715,-0.07604672118289912,1.6942666697441862,-0.10228088165649916,-0.9928769923128818,0.6317275302871654,-1.004194108158995,-0.8340509977747346,0.8188144021096242,-0.9869095681170875,-0.7475023396223676,-0.721368213759595,-0.04515819197795473,-0.379171620501079
861598,0,0.16154657546967288,-0.9185917556663145,0.172963283590631,0.005857702571227356,1.1910205037393722,0.5757733182413037,0.15017097093943277,0.5937455366348966,1.0850728567863537,0.07110712591967792,0.38963776255060245,-0.8968296223336081,0.47759197839066053,0.05903489662077341,-0.51555689393697,1.0566128111648576,0.3917609627888357,0.7173471901623134,0.44201319331965166,0.37662034487314927,0.02676457904160012,-1.2139327014161398,0.07963470017311716,-0.12339390909922231,-0.23344168699453544,0.3632011108441505,-0.05186235136585536,0.3971478665946886,0.38447920196847085,0.030632418028241133
925291,0,-0.7393864920434166,1.0696039996324096,-0.7153206988098432,-0.7092024475785389,-0.28605100838678754,-0.03947558622381866,0.29814123623564937,-0.18966059275323924,-1.5453645359334145,0.38071820354189084,-0.5855659420394658,3.1637377802360303,-0.44632208006712587,-0.48808934517232555,0.342372270350983,0.2476587044790777,0.8045289073261147,0.14092222600130194,-0.6789267631747601,0.3381138450038646,-0.7830741998531119,1.8983571010639424,-0.7432498821887777,-0.7074519056304442,-0.14059556148534524,-0.011138835043308735,0.44970239069400486,-0.27034368979036005,-1.2811672618760677,0.17703137799940474
90401602,0,-0.36807541949009837,-0.41067523359920644,-0.35875305787449985,-0.4075184550837904,-1.1590942479484858,-0.2938945514350249,-0.18013353807534552,-0.1954851736408835,-0.8733022350462208,-0.7526794913251414,-0.13819526567636511,0.09226372964915677,-0.08620222341584802,-0.19957093926359554,-0.5432834308214619,0.5276812798703093,0.4263168045358122,0.33036526197556676,-0.22410448050769868,0.08726082158357265,-0.5187226813538017,-0.7500501832875016,-0.4871604325156808,-0.500354231086283,-1.6641562686504445,-0.4725193627542503,-0.39552708203650055,-0.480162091924831,-1.4799547128065031,-0.7720182505395302
8810528,0,-0.6443999385995445,-0.07206421888780104,-0.6739371156297737,-0.63867517834074,-0.5658265740639136,-0.6798761754626724,-0.7854780982689666,-0.9076725639937345,-1.021445000295549,-0.3283464519054112,-0.6449292771923633,-0.6569585555397582,-0.6883698525704437,-0.48490715687186153,-0.5126886315006431,-0.4622975220178828,-0.366248373147135,-0.818112903977819,-0.5261255763469809,-0.3407968711380882,-0.6110359100361005,-0.10357561015078262,-0.6540433677291919,-0.5796116459161119,-0.220177954778937,-0.42801741114525166,-0.605734527539171,-0.6940005960898815,-0.603045554266597,-0.24068611782565325
883852,0,-0.7998324805986076,-0.24365763850506722,-0.7399836423211971,-0.7497916106909049,-0.048600464183892945,0.5486868884849779,0.8571970045991716,-0.5208674423188216,0.8610520898239553,1.8997475531258783,-0.5712615239303339,0.7987589810654174,-0.23330036158351472,-0.500393806600786,-0.14746321460837222,1.90629747427118,1.800624822638043,0.21702327464053656,-0.07369081222410341,1.8099593788424486,-0.762093920607135,0.3849815100059749,-0.595179205126608,-0.7097569311176652,0.07604539803609894,1.514361888494571,2.310282710654852,0.12037930372018397,0.6361697648400708,2.5725479508094153
907915,0,-0.48321063578570095,-0.3603411638448086,-0.42479958456592326,-0.524104349129948,0.6314693723851201,0.5312741836416252,-0.13512698424608016,-0.535428894537932,-0.016964787141571135,1.11604451289465,-0.8076420331837388,0.4576923079679124,-0.31447491943523714,-0.5207598117237552,0.9160247576163302,0.42472348447393726,0.5264970429949368,-0.020994898763027247,0.15551096801756564,0.8117811783473966,-0.6991530828692039,-0.4457300916073665,-0.520840443076953,-0.6336910900393732,0.5314335374383197,0.06215849701857165,-0.15012211077524323,-0.6233395719370051,-0.5693799375767653,0.531441215458555
8912284,0,-0.34216999582358787,-0.8133477916343914,-0.3156974107275592,-0.38362554346445443,-1.3212206013921535,-0.16136452012728633,0.3019879502381508,-0.3789594716016737,-1.3863820561536486,-0.49697391382465256,-0.3978204543571094,0.32463882560569896,-0.24412363596374448,-0.3540131447794451,-0.22554369204171104,0.8014811313639577,1.4984989769053032,0.9618420485564498,-0.21336064705887006,-0.05143734784851141,-0.48515423456023854,-0.9754115484776552,-0.4446811399158778,-0.492197987054578,-1.4908435010332883,-0.1420269280109517,0.30988999670850764,-0.19040550710537743,-1.4623203421594486,-0.7301899762620546
88518501,0,-0.7422648724508065,-0.1841719197044154,-0.7671546817828588,-0.6979756577815016,-0.22579165577940605,-0.855744494380533,-0.7894530360715513,-0.7286990785370329,0.0661396909251247,-0.49835610613546644,-0.03520345529061534,-0.6987485929577493,-0.07833075113931735,-0.2755191667013348,-0.23765413343953498,-0.8367923602178732,-0.6198692300056781,-0.424978125050028,0.2808556915872282,-0.8869910100606615,-0.6802708315478245,-0.5197538976917235,-0.717762306628896,-0.6459254560869306,-0.6490386297499603,-0.9718574374258085,-0.9286229409217615,-0.7510551210623353,-0.27440501038966664,-1.0919480240672474
8912909,0,-0.615616134525644,0.34433581271676494,-0.5752853415843563,-0.6012525456839486,-0.7566478573206197,-0.05882303604976593,-0.2847641589433807,-0.2727932472405238,-0.8227169005708412,0.6516278964613286,-0.45897184177364836,0.3265128183150257,0.17454029574423002,-0.3832892771437133,-0.1296162483378946,1.477495227510466,0.37622668530625003,0.7335389026387462,-0.22052320269142234,1.5632187000683906,-0.6236240775836868,0.2747682876137096,-0.4422537517673177,-0.5799662652218381,-0.9452619825649968,0.18257554254880307,-0.16869858270338633,0.02296913913306774,-0.7152642765660367,0.883024818169226
9010258,0,-0.4371565492674599,-0.04232135948747513,-0.405988864938619,-0.47228839622054464,-0.6454550042950955,-0.0065849215197082015,0.19299772016728053,-0.11394104121386563,-1.021445000295549,-0.1528080284321023,-0.15142685242731208,0.4914241767357976,0.18142783398619447,-0.264911872366455,0.869176471156327,0.9564835266310232,0.9735038032081191,1.2727229281039618,0.6950901590031611,0.1388520544181484,-0.5963497145639168,-0.5246888180973475,-0.5387424306725843,-0.5776612397346172,-1.0336868640023213,-0.3481756744349895,-0.15745492864161548,-0.3303359816313143,-1.266739140437568,-0.6957099123306222
86973701,0,0.2507763680987644,-0.11095872733438177,0.25949259387623047,0.11409547087086999,-1.0916611628878454,0.2429971812350112,0.03271797006305975,-0.333421839207365,-0.2590517449880337,0.27428939560925575,0.06957640735877592,1.2991150344557136,0.21045388800590115,-0.01160968364952588,-0.4256846709320656,1.319664321380863,0.666622566409282,0.5619067503885574,1.5510155570931432,2.069037091555209,0.007882327720220853,-0.024616883660801597,0.009847290902012163,-0.11257802027457,-1.4713900271170772,-0.008521073183955799,-0.10270322190603624,-0.4633085872581713,-0.09485505471056355,0.4517413955514731
923780,0,-0.8487649475242386,0.7287050726594412,-0.8419795443003579,-0.7814569152466514,-0.06725216856236874,-0.42952017471491516,-0.5091558090892899,-0.6789253873153466,0.7743343735804471,0.3558387419472487,-0.43823043551540697,0.4708102569332013,-0.41778799306470216,-0.4694205071429371,-1.1570915921953835,0.28669215438209783,0.07758812635531556,-0.2525363871760176,1.020986440284284,0.3325061023044541,-0.8795834843846062,0.43433071406221313,-0.879183618508147,-0.7741203351069893,-1.0734780606491172,-0.49215257669939677,-0.5602710567676632,-0.7713102505241006,0.41333544484546997,-0.21864148678752424
899147,0,-0.612737754118254,-0.9826532989900937,-0.6020383650543001,-0.6424174416064191,1.3775375475241232,0.3184522355562055,-0.9775573507938649,-0.8033596153695622,2.3244135514331674,0.3959223189608387,-0.1485659688054858,-0.3106447028561375,-0.19099119809716247,-0.282732126849053,-0.42249771266948044,-0.07196302298768138,-0.7667791113409892,-0.20719959224200563,0.8084972898519034,-0.2690177645856351,-0.7138392783413877,-1.2994713217802858,-0.7186725771846061,-0.6684437820005509,-0.16270178184467637,-0.4247452088210606,-1.172219150442647,-1.025968252230419,0.34119483765297304,-0.46848063855298583
901549,0,-0.8084676218207781,-1.4402357513028035,-0.7721708736834735,-0.7587154692475243,1.944262411331635,0.13465146220970672,-0.11473940003282335,0.1929084700942959,0.7309755154586924,0.8561923584617193,-0.523341723264742,-0.43095503479492786,-0.508801891262088,-0.507818912635202,-0.15638669774361078,-0.43401241339250585,-0.3484949131670369,-0.0258524125059572,0.06120398552229576,-0.042091110016160796,-0.7075451945675948,-0.8372337771201885,-0.6628426497677222,-0.7040830222260444,1.2388325889369154,-0.0687295959490715,-0.22638341658551442,0.27499861258862235,0.6922791259897907,0.4500456547023861
87139402,0,-0.5062376790448214,-1.570646750211926,-0.5343197743960054,-0.5347554061168809,0.4449523286003701,-0.6642047411036553,-0.6164791297590761,-0.2968858318212337,0.5177944630267326,-0.46933006760838364,-0.5955790347158582,-1.0310075003214179,-0.5771853066644481,-0.4783306343842361,0.2929744172809112,-0.7717366103795064,-0.48101181087562567,0.09882377356257613,-0.15844772054263706,-0.5927714430982624,-0.5690753515441466,-1.6416258032368696,-0.6009442519794383,-0.5746469756359436,0.2440526727670164,-0.8298438565559159,-0.7176822136324537,-0.3108539487138911,-0.13493316981750628,-0.9314178903536926
913063,0,-0.46881873374875094,-0.6509060210633792,-0.3671133777088574,-0.49848423908029865,-0.10455557731931835,0.9085494552475968,0.8520680525958367,0.006521881689683658,0.9622227587747155,1.4242733982060498,-0.037349118006985094,-0.016427847491806088,1.0630327289576282,-0.20763248295810416,0.03451210218524639,2.7870957568654173,2.517103743263427,2.495197220074646,1.4029894073537323,2.165864115498362,-0.5103305696554111,-0.754985103693125,-0.27172973433096664,-0.5187944349840508,-0.6844085823248904,0.9993172426668958,1.0685922186158208,0.3121072467170478,0.5127291703106875,1.0859484731099518
902976,0,-0.05721033549197172,-0.7081038276024679,-0.13636855028059258,-0.1533324194226617,-1.8893802116903167,-1.0801749123615212,-0.8654897495209937,-1.0512484828741624,-0.7540653752113963,-1.1341645691096558,-0.5308515427720363,-1.1130883809899381,-0.5579985929904046,-0.35761962485330423,-1.0828354646771468,-0.6387965998402348,-0.3843188591983062,-0.7745571974162145,-0.4891190389121283,-0.6967016077940019,-0.14737173870000897,-0.9293522913585001,-0.2158998069140828,-0.2267654367184399,-2.1283868961963974,-0.8514403918955767,-0.7914992468206008,-1.0613760739612912,-0.5918236820366535,-1.015074438908644
89813,0,0.09822220650709136,-0.6211631616630533,0.10524469293233644,-0.024944002769362223,0.06546188182293491,0.18882432172235897,-0.10101945342390202,-0.15841965890132995,0.3479722687165285,0.16233181843336514,-0.19112161268015312,-0.8342382658420879,-0.08177452026029958,-0.16626403505207302,-0.8122627081836579,0.28782355872711307,0.20281342442922107,0.10206211605786286,-0.21932944341933036,-0.17219074064248208,0.0959995005533246,-0.676026377203144,0.1403194038871212,-0.019667762174278517,-0.15828053777281065,0.5477533219285272,0.5108092062471068,0.42343314910232327,0.22737299074925585,0.19511928038966442
8710441,0,-1.2514503665181085,-0.895712633050679,-1.1642698739148356,-1.0065684439975038,0.7605965565437943,1.0788070137159322,4.139726286733613,0.8036952022667967,2.645991749169513,4.148574442819371,1.5089584795901752,2.713979529997562,0.6050114358670008,0.20944633028936874,1.225159709087101,3.9835558517188607,11.539665726006099,6.637037271546181,1.7778298187906278,9.722484327710527,-1.0893862768443763,-1.008311017848481,-1.0842979170614804,-0.8735910503632175,-0.1671230259165421,0.1557434834904363,2.691589239706207,0.6661854640257715,0.31554484398452987,2.3577541099250823
9113514,0,-1.269584163084666,-0.26424884885913913,-1.2779702236620962,-1.0465818742997652,-0.967555591446453,-0.9646706369006159,-0.9380644203681848,-1.1237380395576608,-0.4902989883040569,0.16233181843336514,-0.2179423966347755,0.18034138698752378,-0.2795452612081325,-0.4030188446065897,1.228346667349686,-0.7281775430964259,-0.6877128092153384,-1.2735857759398765,0.7595531596961304,-0.31948744888032876,-1.062111913824606,-0.16443962848680918,-1.0821739524314904,-0.8741229793218069,0.2573164049826148,-0.8370427016691362,-1.0115326682642103,-1.3763356061263003,0.23378548916636688,-0.3073852578897357
882488,0,-1.2986558051993053,-0.7653016341415567,-1.3135015829581154,-1.0658689234382652,-0.8577974849115801,-1.224119939066569,-0.9158817029537607,-0.8351300565748937,-0.9564067131129177,0.14989208763604503,-0.6699620088833441,-0.7227356996371342,-0.8010302995282886,-0.5799485141123844,1.438685912680313,-0.8509349145305617,-0.6385737681989956,-0.3524392531556088,0.38948778534760264,-0.10975787192237957,-1.1963857009988588,-1.0625951423103426,-1.2451123819035914,-0.9526711555401832,0.7701807173190962,-1.0356653827475344,-0.974770808027464,-0.6462232296495339,-0.24715189211694594,-0.1361154321319645
921644,0,0.1903303795435734,1.4105029266053788,0.1282355724768192,0.05393139221495171,-0.9933810282781876,-0.6191251830091983,-0.6013487213492377,-0.47506505624780193,0.08781911998600153,-0.8494329530820832,-0.3556224209351703,0.31714285476839116,-0.3277580289018827,-0.2666090394600357,-0.7491609345844699,-0.7762622277595667,-0.39731692811230646,0.14416056849658837,-0.2229107212356063,-0.4514563270731203,0.06243105375976137,1.0972550218843444,0.018949996459113116,-0.08296730824642379,-1.1928516505895055,-0.7578554054237121,-0.537294894119697,-0.06980244618799542,-0.30326125326666575,-0.8268472046600046
857373,0,-0.12629146526933324,-0.6669214068943241,-0.18485840531986597,-0.22472328787561766,-1.4166312430205066,-0.8425882284988889,-0.8895958239366684,-0.8203038506790724,-1.671827872121865,-0.47209445223001045,-0.7700929356472676,-0.5478921798569296,-0.6859100174840278,-0.5394286497531436,-0.8441322908095106,-0.773433716897029,-0.6724955578038257,-0.6223551001377453,-0.8735095245257604,-0.4794950405701723,-0.32360608436621574,-0.3996708344882107,-0.32452542656215,-0.3838617891551922,-1.064635572505385,-0.6230406696670397,-0.8115422823220183,-0.43532249235298387,-0.9060361044750839,-0.22259821543539357
897374,0,-0.5119944398596015,-0.053760920795293037,-0.5748673255926389,-0.5338918069017243,-0.9661208449558015,-1.2018703717667292,-1.028257041346832,-1.0505071725793713,-0.9997655712346712,-0.4831519907165176,-0.7815364701345731,0.5926197830394531,-0.8089017718048194,-0.5672197609105286,0.2407083017745132,-0.9622651020800451,-0.7925216283121314,-0.8545442570497931,-0.1405413314612566,-0.602491530443907,-0.6005457704131122,0.4672301834330384,-0.6749795905105233,-0.5831578389733749,-0.4766101109471777,-1.065965976269544,-1.1479230805787335,-1.1470351710744064,-0.5725861867853204,-0.6849702202864058
89511502,0,-0.4054943647861694,-0.4472818297842232,-0.43399593638371636,-0.4604858736134029,0.4449523286003701,-0.5320616587924355,-0.7182888270252772,-0.7186384388220112,-0.39274155753011014,-0.42924649059479364,-0.6885577524252157,-0.4971069774341692,-0.6283498764618973,-0.4745120084236794,-0.1009336239746273,-0.9010561270147295,-0.5932390400355311,-0.862316279038481,0.0003222626456024598,-0.7662376172666908,-0.5250167651275948,-0.7434702894133361,-0.5484519832668248,-0.5297876334615662,0.23963142869514942,-0.8651836416571794,-0.8262079180547628,-0.8967065100164043,-0.35776748981210804,-0.8652839972393064
909777,0,-1.0099542503380823,-0.21391477910474133,-1.0371930124326034,-0.8894068171412418,-1.0887916699065407,-1.1515670022192666,-0.8721573871253292,-0.9823331008262638,2.0100618300504474,-0.7278000297304993,-0.7894039000945957,2.4853524194596734,-0.7705283444567325,-0.5697655115508998,1.145485752522469,-0.686315582330868,-0.38273372884294027,-0.11166848863105146,-0.4055558898656862,0.2461468647335341,-1.106170500241158,-0.3799311528657159,-1.1355764916998141,-0.8987690210697851,-1.5492039227819225,-1.2302305329439358,-1.1299821195323427,-1.4193197739917263,-0.3401331191650534,-0.9512015335930393
857156,0,-0.16946717138018427,0.6966743009975513,-0.19739888507140196,-0.25581285962125955,-0.651193990257703,-0.5254835258516134,-0.5185161464953765,-0.3805479936619402,-0.024191263495197075,-0.7969096452711721,-0.6034464646758807,0.2571750880699286,-0.5452074505410422,-0.41956622376900216,-0.8511435989871983,-0.6574647715329835,-0.350397069593476,0.006531012446908692,-0.4962815945446802,-0.7019355009801183,-0.22290074398552606,1.019941268862905,-0.23592575913970404,-0.3092144252998055,-0.7418847552591511,-0.53861784970291,-0.209273508230646,0.21933566139598465,-0.06439568722928689,-0.8488918356981336
899187,0,-0.6962107859325656,-0.49990381180018495,-0.7495980101307083,-0.6588258266943967,-1.5055855254409265,-1.3125377847711477,-1.0212047323422464,-0.9688306633139979,-0.5228181318953731,-0.7789411452305974,-0.17574436321283643,-1.0182643498979944,-0.30414361207229074,-0.2958851718243039,-0.17295888070905413,-1.0437827851383814,-0.8259678788103517,-0.8911375272465314,0.1901299869082342,-0.43575464751477117,-0.6152319658852962,-0.9671866811349493,-0.7028945542189652,-0.5863494127249116,-1.4766955200033165,-1.2345498400118682,-1.1759344448282756,-1.1038963839001117,-0.28883313182816617,-0.9008945550701295
8910996,0,-1.2482841480699791,-0.820211528419082,-1.25957752002651,-1.0362186837178846,-0.4467426153398029,-1.1076482911143661,-0.9862765691995344,-0.903966012519779,0.958609520597903,0.024112587352019484,-0.4797132480318895,0.362118679792238,-0.5378279452817948,-0.500393806600786,2.12706889739873,-0.835660955872858,-0.7499450269670034,-0.3768887389950225,-0.3088613888262324,0.15978762716261377,-1.146033030808514,-0.7796597057212444,-1.1738078550396365,-0.9184503925375948,0.6065946866600457,-1.0451547694876886,-1.1271956487431214,-0.9652028638451227,-0.11248942535761816,-0.13781117298105147
862989,0,-1.0329812935972027,0.008012710266922692,-1.0125300689212489,-0.9032244045837492,0.23619671421051486,-0.3552259673832778,-0.7436771394417857,-0.958505269922265,1.4500099126444532,0.257703087879495,-0.1700225959691837,0.5963677684581069,-0.26626215174148693,-0.3574074789666067,0.14956129546457445,-0.18397205314417392,-0.10153160380103059,-0.5158136320428167,0.7798470673216947,-0.143030478605548,-0.9802888247652959,-0.3799311528657159,-0.9878092381562141,-0.8340509977747346,-0.48987384316277677,-0.6858669542915083,-0.9343914243099743,-1.2676382319917883,-0.1365362944217838,-0.48996002264141864
91505,0,-0.44291331008224044,-0.6714972314174511,-0.43399593638371636,-0.4996357047005075,1.3775375475241232,0.08434809266224379,-0.3675967337972421,-0.4083471297166055,0.45998265219772705,0.43877028059605644,-0.5179775664738175,-0.22631503093642483,-0.6283498764618973,-0.455843170394291,0.8210534013912895,-0.552809869619089,-0.1982245554783502,-0.03070992624888687,0.8884791610820691,-0.5060383560140481,-0.5543891560719626,-0.6941210853570985,-0.6100469575365389,-0.5695049957029122,1.1061952667809287,-0.5124402311093814,-0.4013933363295982,-0.4623808714049606,0.39089170038558185,-0.4978734799371573
893526,0,-0.16658879097279428,-1.4974335578418922,-0.2483968360609821,-0.24084380655854287,-1.638299575826229,-1.315633376743299,-1.0923432966285036,-1.1594797859136587,-1.6284690140001103,-1.3262893003127256,-0.6370618472323407,-0.9920284519674171,-0.6563919964470378,-0.41553545192174784,-1.2071268369179722,-1.2273531401170776,-0.9502103960639304,-1.3856324262767923,-0.6884768373514963,-0.8477368111647888,-0.2606652466282846,-1.4277792523265043,-0.34273083767635104,-0.3093917349526685,-1.890081840722808,-1.276434029761514,-1.257426494049892,-1.4211752056981477,-1.0326829482130226,-1.258695874227453
914366,0,-0.4112511256009494,-0.24823346302819424,-0.37380163357634316,-0.4728641290306491,0.7892914863568327,0.5660995933283302,-0.09973721542306822,0.06688571997981371,-0.6312152771997592,0.7732608198129134,-0.6084530110140769,-1.091724864103611,-0.5643941642150857,-0.45775248337456936,-0.4530925119902989,-0.02387833832454062,-0.17888596514288618,-0.23958301719487152,-0.3554180004378211,-0.10115933311661694,-0.38444889417954886,-0.5707480752165033,-0.34849588452918134,-0.4246430093137171,0.8983967954032159,0.8559947808673264,0.42623737352161384,0.4126097974815325,0.5111260457064101,1.0802960036129956
90317302,0,-1.0991840429671742,-1.6095412586585063,-1.0819207235464152,-0.9449650333163241,0.24121832692779566,-0.5556655475800911,-0.8811330531311656,-0.7554391998848536,-0.05671040708651332,0.3793360112310779,-0.756146127990864,-1.2519512407510653,-0.7355986862296275,-0.5960716015014016,-0.4601038201679863,-0.6670817084656117,-0.745221338508013,-0.7886439872707112,-0.14173509073334858,-0.5467879529630971,-1.0138572715588587,-1.6399808297683283,-1.017848166494646,-0.8487676989623762,0.05836042174863478,-0.5785387180580411,-0.9036913601760959,-0.7275529861143326,0.04141053665304175,-0.3938680411931647
9113816,0,-0.5868323304517435,2.032815061750664,-0.6179229727395795,-0.5756324356342992,-0.651193990257703,-0.8540032238961978,-0.8242016858941464,-0.647154946110015,0.13840445446138214,-0.8245534914874411,0.7279372508315723,2.6746256831016955,0.617802578316363,0.1057069916942445,0.12470302101640941,-0.5595982956891795,-0.5501234943695787,0.004911841199265467,-0.011615330075318136,0.018472511137471656,-0.5480950722981697,1.2683322626126363,-0.5927518169780479,-0.5418446898562604,-1.2768552879549635,-1.021856688939448,-1.0547962936758062,-0.9052105720041684,-0.8130548774269768,-1.0060304877135138
871641,0,-0.8631568495611891,-1.0398511055291824,-0.8954855912402454,-0.7978653003346291,0.28713021462865745,-0.9037261699488821,-0.8247145810944799,-0.592615688707529,-0.9022081404607246,0.5175552423124236,-0.6982132346488796,1.1042197926857105,-0.7213316427284158,-0.4433265630791329,2.4967560558586204,-0.23941086604991277,-0.5539278072224568,0.6525803402565816,1.2239255165399283,0.35568477212868393,-1.0201513553326522,-1.4475189339489998,-1.0548658357601883,-0.8452215059051132,-0.5031375753783751,-1.1191065420144068,-1.132328621249582,-1.0970931343099006,-1.617823428774386,-0.6250540436186705
873357,0,-0.30762943093490736,0.6783710029050425,-0.40222672101315804,-0.35541463576933496,-2.4453444768179393,-1.6398966358261748,-1.1072557245782002,-1.2274420547253975,-1.5200718686957242,-1.465890723704885,-0.8205160094819576,-0.13823737359805824,-0.8571145394985696,-0.5438837133737932,-1.18163117081729,-1.311869044689704,-0.9640010301556138,-1.6106972296992097,-0.5297068541632571,-1.0711866652606286,-0.4641739553142616,0.5593486976713493,-0.5642300062324657,-0.46879311287664205,-2.2871095583763945,-1.4337615175086207,-1.2858436075547066,-1.6197218602161094,-0.9877954592932469,-1.4559670596712222
907367,0,-1.1653867923371457,0.4633072503180694,-1.1889328174261902,-0.9861299292387946,-1.1067260010396898,-1.2579779762619763,-1.0960361420709048,-1.1398880138370378,-0.6709608971447004,0.19965101082532932,-0.7776027551545619,0.2346871755580052,-0.816281277064067,-0.6020116863289343,-0.4467185954651283,-1.1169846462608568,-0.9488154813512085,-1.3394860457189584,-0.7302584118747173,-0.531833972431336,-1.070504025522997,0.5461889099230194,-1.1182813511413228,-0.8810380557834698,-0.9010495418463346,-1.1941054192848664,-1.2644659992016094,-1.3641206807256938,-0.9012267306622508,-0.20224932524635153
906024,0,-0.3968592235639994,-1.620980819966324,-0.44946252807727777,-0.4458046869557385,-0.6275206731619465,-0.8938589705376492,-0.82509925249473,-0.6405361041922375,-0.8407830914549056,-0.027028528148077716,-0.6338433531577861,-1.068299955237024,-0.6475365901359409,-0.47960350970442167,-0.3170093941779081,-0.7247833300613806,-0.7268655289928759,-0.5778278908275547,-0.41033092695405454,0.21698660269660003,-0.5376049326751811,-1.4310691992635869,-0.5660505473438859,-0.5430858574263027,-0.06985565633548617,-0.6066796580460844,-0.8660495617953852,-0.49129468216335875,-0.2182956492399468,0.5907921451765942
8811779,0,-1.1164543254115147,-0.4060994090760794,-1.1111818429666662,-0.9461164989365332,-1.151920515495226,-0.8719963522343287,-0.38734319901008213,-0.9929232478947078,0.535860653910797,0.02825916428446016,-0.1639432182728025,1.323476939676964,-0.04733682905047801,-0.3646204391143249,-0.7794370380790298,0.32572560428511793,0.8159418458847492,-0.17643533853678298,0.6007831765078911,0.2913826558421112,-0.9928769923128818,-0.1891142305149286,-0.9520052629649516,-0.8324552108989663,-1.667251139500751,-0.7441121556621096,-0.38379457345030493,-1.2107383263282028,-0.06920506104212037,-0.34469155656964584
924084,0,-0.3767105607122689,2.3279557434923617,-0.4298157764665379,-0.4086699207039995,-0.9926636550328619,-1.1956791878224262,-0.8716444919249957,-0.879608674262358,-0.9997655712346712,-0.9088672224470618,-0.5780561225321715,0.28341098600050596,-0.6721349410000991,-0.4501152314534559,0.5447441200251473,-0.7417543952366067,-0.5935560661066042,-0.40392889883066524,-0.19067922088912168,-0.7879208890377444,-0.49144831833403185,1.7075401787131557,-0.5666573943810262,-0.4937937739303463,-0.4235551820847834,-0.9620408304532353,-0.9018337129832816,-0.7581676092702835,-0.8082455036141437,-1.0936437649163344
915452,0,0.6393577230964231,-0.8133477916343914,0.5462515641946895,0.48918539665393973,-0.16696704966267692,-0.7162493811354533,-0.41914270143075955,-0.06840340881955696,-0.37828860482285825,-0.8812233762307928,-0.7003588973652495,-1.3964360786401733,-0.8349760237208272,-0.4095953670942151,0.08550343438661073,-0.7587254604118329,-0.23151229294103393,0.4064663106148014,-0.8508280983560117,-0.4727657493308797,0.23237131565217478,-1.29289142790612,0.0917716409159177,0.09753391836826485,0.10699410653916275,-0.7676720123962854,-0.37303977391295895,0.33530014304731315,-0.9797798362718583,-0.6719695404434062
8711002,0,-0.26733210523144635,-0.895712633050679,-0.26428144374626095,-0.31943133513780486,-0.19781409921169335,-0.3707039272440355,0.0638763534833203,-0.35433737966754164,0.02278083280337005,-0.12101760528339268,-0.4704153762609538,-0.7928230269659623,-0.5038822210892563,-0.3646204391143249,0.4647514676342568,-0.29824389199069673,-0.04858824993180968,-0.3665260430101055,0.8502788643751242,-0.13256269223331532,-0.3026258051202388,-0.8421686975258125,-0.27628108710951665,-0.3473360006653831,0.6552283714505737,-0.1819477963660828,0.1461237310261947,-0.25967495747843783,1.5034601757543113,0.12107192997953953
8812816,0,-0.12341308486194326,-1.3944775060715326,-0.1568513338747686,-0.23307141362213257,-0.009862308936290975,-0.3294938591147677,-0.6291732859673305,-0.5979107622417509,-1.6465352048841746,0.06834274129805017,-0.687842531519759,-1.4657738088852705,-0.7144441044864515,-0.4789670720443289,-0.9537636550424435,-0.48039999153812407,-0.4908396190788943,-0.8323616109570801,-0.8185965980095271,-0.4107067301240713,-0.18303821341816987,-1.5248326869704392,-0.21438268932123278,-0.2960935109879321,-0.0831193885510846,-0.03927977503135179,-0.46494442450482426,-0.5172707260532562,-0.851529867929642,0.16911792070366607
8812818,0,-0.14931850852845377,-1.22517199871583,-0.12717219846279948,-0.25494926040610294,0.6099481750253415,0.29136580579987936,-0.11986835203615838,-0.09805582061119972,0.528634177557172,0.011672856554699374,-0.5208384500956438,-1.344901279133682,-0.40942455377088827,-0.4019581151731017,-0.4062442255302954,-0.13023034675595782,-0.20805236368161864,-0.5569405817329565,-0.2563359808541833,-0.3422922691912644,-0.25856721870368693,-1.3965247564242207,-0.17220682023999997,-0.3308462029491099,0.2042614761202199,0.10731488909240824,-0.06506142352532554,-0.35739436068329106,0.24661048600058802,-0.1366806790816607
891670,0,-0.3248997133792479,-0.7401345992643578,-0.35499091394903887,-0.3919736692109693,0.2799564821753986,-0.4780822737780427,-0.3384899311783156,-0.3842545451358956,-0.3096370794634143,0.24249897246054516,-0.6907034151415854,-0.8473562148073766,-0.793158827251758,-0.4732391331034938,0.5096875791367091,-0.3061637224058023,-0.2743108125359131,-0.07766589243054235,0.6783775291938726,0.3336276508443363,-0.5187226813538017,-0.935932185232665,-0.5451143245625546,-0.5102835716466195,0.6773345918099047,-0.30498260375566716,-0.2293165437320634,-0.13010397664668644,0.7515947363480665,0.6586217791400674
905978,0,-1.3452855677990245,0.559399565303738,-1.3390005584529054,-1.0900497014626536,0.5597320478525246,-0.8232407786729417,-0.8652333019208268,-0.9436790640264436,0.7562681826963827,0.4235661651771086,0.0989004644824965,3.1150139697935297,-0.041433224843080006,-0.3141297180802971,2.426642974081745,-0.49227973716078227,-0.5811920493347502,-0.5060986045569571,1.1785626642004312,0.28278411703634876,-1.125052751562537,0.924532807687511,-1.1543887498511551,-0.9110033871173425,0.8674480869001533,-0.8776180104891054,-1.0246339695187952,-1.1799690838633836,-0.06279256262500936,-0.06489431647031738
915186,0,-1.3847193793802681,-1.4608269616568759,-1.2599955360182278,-1.1548196425994077,4.792234195275711,2.3170438025765563,0.11991015411975588,0.1140118744343889,2.031741259111325,4.4333060588469415,0.018080502165901135,-0.23006301635507873,0.08401836456412734,-0.4229605579561637,0.84686776331823,1.1301540935908376,0.08963511705609631,1.6321789450807722,0.5792955096102348,2.473542264939346,-1.244640343264606,-1.519897766564816,-1.1446791972569146,-1.0159707016123283,2.5298358579218516,0.5935641544672023,-0.2987338862003871,-0.17803596239590244,0.2033261216850902,2.318186823446389
9010872,0,0.6969253312442242,-0.22077851588943223,0.6256746026210844,0.5418649487785,0.01883262087674741,-0.37650816219181954,-0.376059504602745,0.0036095912458614337,-1.1587480510144381,-0.9696836841228542,-0.22759787885843968,0.4183384610720466,-0.24559953701559403,-0.1357150273676193,0.04184210618919264,-0.41817275256229486,-0.43377492628572206,-0.23796384594722803,-0.43301235312380293,-0.6851122728818869,0.4023115775445882,-0.02790683059788407,0.31630504465773285,0.2408001178816914,0.036254201389303665,-0.559559944577733,-0.5118744588496065,-0.35229192349063243,-0.8290861234697539,-1.1021224691617684
8610175,0,-0.5091160594522115,-0.6257389861861803,-0.5201072306775977,-0.5151804905733286,-0.34989722722079847,-0.693612864839095,-0.6953367668103528,-0.6749540821646801,-0.345769461231543,-0.5259999523517354,-0.5437255190702549,-0.3574945205893115,-0.5427476154546265,-0.43059780987727714,-0.7239839643100463,-0.4102529221471892,-0.43567708271216116,-0.6208978460148663,-0.8006902089281467,-0.5718358703537969,-0.441095648143687,-0.39638088755112827,-0.517806207891253,-0.4647149908607895,-0.679987338253024,-0.4522317083442657,-0.4923202778726139,-0.42388066349671955,-0.46998621211154773,-0.4577409465087686
9113778,0,-1.269872001125405,-0.1750202706581614,-1.2599955360182278,-1.0385216149583023,-0.5120235806644662,-0.804086803345254,-0.7497036580457045,-0.8756373691116917,1.525887914357523,0.16371401074418,-0.08920263365258833,0.25155310994194796,-0.13490695812688158,-0.36589331443451045,0.11960388779627287,-0.3140835528209077,-0.15415793159917823,-0.3103408007168833,-0.11547238674732425,0.02968799653629233,-1.0642099417492037,5.771836731780021e-05,-1.089152693358601,-0.8652574966786494,-0.4235551820847834,-0.6492182882605684,-0.7005723052775852,-0.7485812121204402,0.4213510678668585,0.059460012462717225
9113455,0,-0.2702104856388363,0.3397599881936372,-0.23627437230116358,-0.32518866323884965,-0.7064317301478027,0.09208707259262264,0.2635208102131377,-0.3471890303963421,-0.9166610931679755,-0.3794875674055093,-0.3123515561550463,-0.8008811956160681,-0.26134248156865536,-0.2668211853467334,0.053952547587016585,0.3591020324630627,0.44850862951093473,0.11987299978193917,-0.5917823363120422,-0.22565122104352806,-0.2963317213464455,-0.02626185712934254,-0.17827529061140002,-0.3264134616275311,0.09373037432356432,0.6642437246697295,0.8769612450412935,0.0631701594388616,-0.5581580653468217,-0.13837641993074767
859471,0,-1.4535126711168909,-0.44041809299953316,-1.3728598537820529,-1.1496380473084675,0.7175541618242363,0.7189444469533137,2.88569752191819,-0.1181771000412432,1.0670066659022892,2.4208340543025524,-0.26872308092219377,-0.04078975271305669,-0.4714123979485673,-0.4732391331034938,0.7722929399737348,3.429167722661473,8.61668535071139,3.468319139908263,2.554967104922537,2.140442348594368,-1.2383462594908128,-0.48849940178943974,-1.2523945463492718,-0.9725298366608561,0.672913347738039,1.198267143977713,4.795619112830612,0.9429540269002763,2.1110444007755627,1.8829466721807662
862009,0,-0.1809806930097448,-0.21849060362786832,-0.21035738081465605,-0.2727969775193417,0.401909933880812,-0.43513093516443985,-0.6181460391601601,-0.5404592143954429,-0.6420549917301976,-0.8079671837576803,-0.38458886760616245,0.2946549422564677,-0.3661314562499696,-0.3130689886468092,-0.395727263263764,-0.5958032347296619,-0.42109388344279486,-0.3940519542200414,-0.2061980914263182,-0.7539005833279879,-0.2333908836085147,0.052696869360638485,-0.2787084752580768,-0.30815056738262653,0.0406754454611694,-0.5124402311093814,-0.6497314347374044,-0.5396905258391799,-0.37379873585488516,-1.0263793779025556
912193,0,-0.5522917655630625,-0.28026423469008405,-0.5577286699322057,-0.5600876497614781,-0.41087395307350466,-0.4983970960952872,-0.7538068196483726,-0.8721955713144475,-1.2707584344956366,-0.014588797350757606,-0.6549423698687555,-0.0482857235503645,-0.5732495705261828,-0.5031517031278547,-0.7058183022133103,-0.4968053545408426,-0.5716812672025549,-1.074913463854045,-0.719514578425889,-0.7385727532829328,-0.6026437983377098,0.3701767487891035,-0.5445074775254146,-0.5776612397346172,-0.5385075279533047,-0.16689566567480388,-0.5328952033998735,-0.8831000108359818,-0.8098486282184213,-0.38991131254529543
922577,0,-1.0819137605228337,-0.6646334946327602,-1.1003134271820014,-0.9354654419496004,-0.16194543694539612,-1.0486385691452271,-0.9979449350071217,-1.1309922902995448,0.25041483794258074,-0.12931075914827309,-0.6871273106143024,-0.4661860977302746,-0.7316629500913623,-0.5729476998513637,-0.012654880101015405,-1.0293008095221885,-0.6937363045657288,-1.020833144182759,-0.5929760955841344,-0.45893331733900083,-1.041131634578629,-0.6332570670210713,-1.0818705289129202,-0.8657894256372388,-0.1980717344196059,-1.0797092260311463,-1.1105257094602352,-1.3947353038816446,-0.3689893620420517,-0.5764428059448476
9113846,0,-0.5206295810817719,2.451503005616793,-0.5940960612116606,-0.5310131428512018,-1.4065880175859429,-1.357423868367345,-1.1277074206914988,-1.2764744356522926,-0.414420986590987,-0.46241910605431613,0.153614863749926,4.556114363265955,0.02006265231731578,-0.10283241492949191,0.06797516394239167,-0.9729568731404377,-1.0145666884917859,-1.910567744762747,1.294357313593358,-0.26079307529316653,-0.5795654911671352,2.0447597397641157,-0.6582912969891722,-0.5572706296553548,-1.713674202255346,-1.3172056707209345,-1.3248395329680742,-1.7628838782973966,-0.8050392544055882,-0.9472448049451699
911320502,0,-0.2615753444166663,-0.23679390172037712,-0.30733709089320166,-0.32403719761864075,-1.5737359837468925,-0.8551640708857546,-0.5046679760863717,-0.5166313834914441,-1.3068908162637654,-1.0305001457986467,-0.7160937572852946,-0.9946520417604747,-0.7906989921653422,-0.48978651226590625,-0.36863811803178925,-0.5946718303846468,-0.518737913333334,-0.5402631178822305,-1.1504616756511101,-0.8081087627556219,-0.2753514421004685,-0.28452269169032196,-0.3542609313820121,-0.3290731064204784,-0.21133546663520433,-0.37238997163400334,-0.40774844514712094,-0.14711210062221472,-1.0839829355499093,-0.8443698601005681
883539,0,-0.47745387497092096,-0.9643500008975857,-0.5443521581972341,-0.4990599718904031,-1.2437442908969496,-1.3583912408586425,-0.9926877592037033,-0.983127361856397,-0.974472903996982,-0.7471507220818878,-1.0272148511589136,-1.0143289652084078,-1.0263511934439788,-0.6570423293382907,-1.2303916322348445,-1.1603740028921852,-0.8087216605439708,-1.3014355213993412,-0.40197461204941026,-0.9247498109033583,-0.6320161892820777,-0.8635533526168488,-0.6956123897732849,-0.5847536258491433,-1.2945402642424284,-1.1494725795829002,-1.0196476533696621,-1.1363664387624839,-0.016301949100955608,-0.9246349269573455
859465,0,-0.7969541001912176,-0.04918509627216604,-0.8290210485571039,-0.7362618896534495,-1.0909437896425187,-1.1053265971352524,-0.6521253461822549,-0.6860737365865462,-1.0828700493013672,-0.8674014531226588,-0.4643359985645728,-0.5113493220250541,-0.4979786168818583,-0.4630561305420093,0.6872011543627083,-0.917914051755454,-0.36054190386781776,-0.4589807212505371,0.15073593092919732,-0.6309040934542531,-0.8145446187220774,-0.2927475590330284,-0.8731151481367465,-0.7207501295951807,-0.1759655140602748,-1.059683347807097,-0.618933599698641,-0.6865788692641964,-0.8194673758440878,-1.004899993814123
898677,0,-1.0991840429671742,-1.0398511055291824,-1.063110003919111,-0.9449650333163241,0.1594377769606366,-0.2428172838945241,-0.6685379925929271,-0.737171196191788,-0.660121182614262,0.9819718587457448,-0.2308163729329942,2.423510660051884,-0.2210011861514356,-0.438022915911693,3.2616260388790836,1.20312967384431,-0.18681161691971565,0.18787819218295712,1.9318247648904991,1.0932898618577989,-1.1187586677887438,-1.009955991317022,-1.0888492698400307,-0.915081509133195,0.13352157097036083,-0.5877008845657762,-0.9747219225750214,-1.1329648139673782,-0.7649611392986455,0.039111122273675185
861103,0,-0.756656774487757,0.39238197020959886,-0.7449998342218117,-0.7149597756795837,0.9758085301415836,-0.20354196074785136,-0.5390319545087167,-0.685279475556413,0.09504559633962748,0.9819718587457448,-0.27694812133494473,1.7957231024273557,-0.3769547306301994,-0.3257977418486649,1.033942213331985,-0.47417726764054124,-0.19473726869654515,-0.6952178062816934,-0.28737372192857596,0.05324051587381624,-0.650898440603457,1.0758703667933076,-0.6749795905105233,-0.6172012923231,1.0045066531280058,-0.5615232659722476,-0.4668998426025236,-0.8155313728604742,-0.23913626909555738,0.24429576501318334
914102,0,-0.2644537248240563,0.2940017429623663,-0.31653344271099476,-0.3200070679479091,-1.6677118788845942,-0.9942722351343154,-0.8969045805414209,-0.9439438177031547,-0.3710621284692323,-0.5619369524328848,-0.2819546676731409,0.48205421318916297,-0.25445494332669094,-0.29503658827751356,0.2155313315000893,-0.2784443159529329,-0.589434727182653,-1.0096608625740202,0.034941281536271025,-0.4234176135760683,-0.3592725590843766,0.4672301834330384,-0.34849588452918134,-0.3987557999956971,-0.9364194944212648,-0.581156479917394,-0.9485193200658515,-1.1142558775942972,-0.35937061441638557,-0.5594853974539796
874373,0,-0.6818188838956151,-0.47244886466142216,-0.7086324429423568,-0.6608408915297624,0.08196146646543166,-0.8267233196416122,-0.6393029661739172,-0.4189372767850493,-1.0828700493013672,-0.2758231440945001,-0.563036483517583,-0.8437956286596553,-0.54176368142006,-0.46920836125623955,-0.07033882465380886,-0.9468780029878402,-0.38748911990903795,0.008150183694551916,-0.19067922088912168,-0.808482612268916,-0.6718787198494339,-0.6957660588256394,-0.6783172492147934,-0.6235844398261735,-0.030064459688689676,-0.9777474016093526,-0.5812918013179302,-0.06361767383325792,-0.5437299439083222,-0.7471473847529226
8810158,0,-0.27884562686100683,0.7515841952750761,-0.1928007091625054,-0.3467786436177677,0.25843528481561906,0.8543765957349441,-0.011519240965705125,0.0742988229277245,0.12395150175413024,1.4035405135438483,-0.748993918936298,-0.5499535718371893,-0.6652474027581348,-0.5279727718714735,-0.5974617212854114,0.28103513265702246,-0.21375883296093587,-0.5660079407197587,0.5458702499916578,0.13623510782509018,-0.34878241946138794,0.5823783262309272,-0.22136143024834296,-0.4147136687533808,0.08488788617983163,1.2224814411767269,0.2209184732631913,-0.02187046043877941,1.9507319403477916,1.3233521919821092
921092,0,-1.8277021240775988,1.426518312436323,-1.8247351408290706,-1.3560382597309242,-1.1203560927008838,-1.0710816109433259,-1.1277074206914988,-1.2764744356522926,0.19621626529038766,1.368985705773512,-0.08884502319986008,0.4614402933865663,-0.17278841845768536,-0.44205368775894727,1.76375565546401,-0.8909866283440955,-1.0145666884917859,-1.910567744762747,0.985173662121523,1.1359087063733178,-1.4970331025937091,0.8718936566941909,-1.5051463373180984,-1.1085263404068937,-0.32628781250372685,-1.1125621373660248,-1.3248395329680742,-1.7628838782973966,0.2353886137706444,0.8587191993323147
91903901,0,-0.6933324055251755,0.17503030536106187,-0.6864775953813103,-0.6726434141369043,0.3588675391612539,-0.1859357814062392,-0.589167460341317,-0.7054007549864564,0.1564706453454465,0.23005924166322506,-0.7003588973652495,-0.6395304233430175,-0.7134601704518851,-0.5226691247040336,-0.5974617212854114,-0.4622975220178828,-0.4312387177171366,-1.052730817761332,-0.7254833747863493,-0.43463309897488894,-0.6005457704131122,0.5248042548319825,-0.6000339814237283,-0.5719873308429962,0.9735579446249419,0.28139605273937357,0.023421245395566025,-0.5073750902856764,0.47265105520374484,0.30025521303304853
857810,0,-0.2961159093053468,0.012588534790049693,-0.37714576151008605,-0.3531117045289168,-1.1476162760232698,-1.2817753395478912,-1.1188343337257292,-1.1661515785667784,0.011941118272931634,-1.0968453767176918,0.005206525867682438,-0.0033098985265176263,-0.12211581567751914,-0.1488680723428702,0.11641692953368774,-0.9531572971026738,-0.9926284843735219,-1.235859085869788,0.15909224583384157,-0.3153751042340944,-0.4159193130485144,-0.5542983405310903,-0.5017247614070419,-0.44166473598857975,-1.365280169392288,-1.2532013932597572,-1.3158201669924363,-1.5911018261445615,-0.7569455162772569,-1.2038669201069785
901034301,0,-1.3363625885361152,-0.21391477910474133,-1.3298042066351123,-1.0687475874887877,0.308651411988437,-0.8625161018196145,-0.7802209224655482,-0.9042307661964901,-1.119002431069496,0.9183910124483255,0.37676378625238394,0.05853186088127203,0.20848601993676846,-0.2014802522438739,-0.09232883666564705,-0.9311514825921305,-0.2701894736119617,-0.8475818206849269,-0.13696005364498068,-0.41893141941653983,-0.8795834843846062,-0.09864068974515862,-0.9401717457407207,-0.7688010455210947,0.014147981029972551,-0.9718574374258085,-0.7655899570260856,-0.9817471298940456,-0.7328986472130913,-0.15985580401918048
868223,0,-0.6818188838956151,-0.5914203022627266,-0.7069603789754857,-0.6513413001630385,0.6099481750253415,-0.8356231465615479,-0.6671275307920099,-0.5881148762034404,-1.7224132065972455,-0.4831519907165176,0.16577361914268818,2.4216366673425576,0.20405831678122002,-0.11895550231850928,-0.17455235984034698,-0.6585961758779987,-0.17064328729498351,0.20568907590703345,-0.8329217092746315,-0.04732500320227721,-0.6047418262623074,-0.02297191019226007,-0.6255215569836101,-0.5789024073046591,-0.2599691514257335,-0.985600687187411,-0.8134977004197175,-0.6854965341021173,-1.922417103587151,-0.6080966351278023
9010333,0,-1.4969762152684807,-0.8613939491272258,-1.4585531320842162,-1.1769853557884304,-0.9804683098623203,-0.5254835258516134,-0.5223628604978777,-0.6460959314031706,0.4130105558991599,0.45121001139337846,0.4847621429763299,-0.02954579645709497,0.7053727073927666,-0.2078446288448018,1.2124118760367597,0.20070542416095197,0.004355103937411244,0.5279041541880483,0.931454494877382,0.12726271950603332,-1.307371378210077,-1.3027612687173682,-1.2593732872763823,-1.0127791278607916,-1.3918076338234848,-0.8416237849230037,-0.8633119764586061,-1.0265867294658926,-0.7649611392986455,-0.5583549035545881
859487,0,-0.3738321803048789,-0.6326027229708713,-0.4289797444831017,-0.4242147065768204,0.12285174144901168,-1.0022046895629537,-0.6593058789869239,-0.5182199055517107,-0.8154904242172153,-0.8867521454740473,-0.5927181510940317,-0.6419666138651426,-0.6750867431037981,-0.45923750458145257,0.26652266370145367,-1.1217931147271711,-0.5120803658407973,-0.5080416100541291,0.2354928392477314,-0.7206279766448196,-0.5774674632425372,-0.9638967341978663,-0.6403893093935409,-0.5643630157698808,-0.14943804962907795,-1.1962650728188324,-0.8169196820906912,-0.8534131035332416,-0.8467204941168085,-1.1354720391938091
893783,0,-0.6846972643030056,-0.03316971044122113,-0.7232630026524827,-0.6654467540105984,-0.6067168490474936,-0.9985286740960237,-0.9247291451595137,-0.9725372147879531,0.43468998496003675,-0.23021079783765552,-0.8670053683366363,0.4014725266881038,-0.8531788033603044,-0.6088003547032573,-0.3383620145372294,-0.9239104947840341,-0.6842255224335334,-0.673844745812802,0.3488999700964738,-0.8122211074018562,-0.755799836833342,0.15304025094165585,-0.7845154807143006,-0.6916713465256237,-0.47218886687531136,-0.9469886997619562,-0.9379111768858329,-0.8752144260836914,0.923129069005781,-0.825716710760613
911202,0,-0.4198862668231199,-0.481600513707677,-0.460330943861942,-0.45184988146183563,-0.7724300687177907,-0.964283687904097,-0.7473956296442037,-0.6749540821646801,-0.06032364526332579,-0.6476328757033193,-0.8344628171383612,-1.0276343134446293,-0.8497350342393222,-0.5655225938169479,-1.0318441324757825,-0.9562120888342147,-0.6163819432238731,-0.7952825893860487,-0.535675650523717,-0.8208196462076189,-0.39284100587793985,-0.5707480752165033,-0.4598523158443788,-0.4249976286194435,-0.4633463787315793,-0.6655792998815238,-0.4023710453784479,-0.2397290666344093,0.5752510298775184,-0.6154448454738448
9112085,0,-0.2011293558614748,2.6230964252340594,-0.2212257965993203,-0.26675178301324454,-0.29752898031200253,-0.5781085893781899,-0.7662445282564601,-0.4123184348672718,-1.5923366322319816,-0.38501633664876295,-0.22080328025660198,1.3272249250956178,-0.2736416570007345,-0.23436286468200124,-0.4094311837928808,-0.7344002669940087,-0.7629747984881111,-0.4325882299139515,-0.5882010584957661,-0.31724435180056465,-0.24388102323150296,2.630370294564808,-0.30601659192937875,-0.297157368905111,-0.6976723145404888,-0.7284055845059925,-0.9824947095133761,-0.5625741835517087,-1.1465047951167402,-0.4204346478288585
8711216,0,0.7947902650954862,0.04690721871350342,0.7009174811303015,0.6630567053054934,-1.5888008218987377,-0.6173839125248629,-0.46735485026210916,-0.5428419974858428,0.10227207269325342,-1.4188961851372277,0.2730567549611775,1.5820879335640834,0.31278302760079985,0.14071106299934774,-1.1736637751608268,0.06606830710415804,-0.04573501529215107,-0.11328765987869469,-0.6407264664678154,-0.865307738289608,0.42119382886596746,0.4030762181599288,0.41036633541443895,0.2815813380402163,-2.000170818112277,-0.5392722901677481,-0.40481531800057197,-0.45851538868324965,-0.6158705511008191,-1.3830502031604879
91813702,0,-0.5004809182300415,-1.5981016973506887,-0.5305576304705445,-0.5220892842945823,-0.4711333056808862,-0.7946065529305397,-0.7484214200448708,-0.5756714533980187,-0.45777984471274163,-0.6725123372979614,-1.0225659152734459,-1.3493988616360666,-1.0192668683951014,-0.6581242733604484,-1.0978141685112976,-0.9205728519662396,-0.737739523230686,-0.9811634486154983,-1.1074863418557974,-0.9225067138235941,-0.545997044373572,-1.0445004341563888,-0.5933586640151879,-0.5466320504835657,-0.1671230259165421,-0.30105596096663795,-0.44930107972323013,-0.10845727340510507,0.3187510931930849,-0.46735014465359426
854941,0,-0.30187267012012736,-0.1910356564891055,-0.37714576151008605,-0.36289916230069325,-0.48548077058740585,-1.2862252530078593,-0.7991980448778878,-0.5025994386257561,-1.2599187199651982,-0.5964917602032211,-0.7818940805873014,2.110553877594284,-0.8231688153060313,-0.5477023393343499,-0.8839692690918264,-1.1621276796269584,-0.5888006750405066,-0.0258524125059572,0.733290455710106,-0.768854563859749,-0.6110359100361005,-0.46217982629277937,-0.6771035551405136,-0.5803208845275645,-1.5903214926502784,-1.3560794343323246,-1.088576141313561,-0.9877772829399146,-1.4815578374107812,-1.2716965540704521
86561,0,-0.06584547671414223,-0.4678730401382951,-0.13344243833856778,-0.17607386542178868,-0.6275206731619465,-0.8276906921329096,-0.945629624573104,-0.9743904905249308,-0.728772707973707,-0.5591725678112579,-0.6581608639433103,-0.6740118891946335,-0.6632795346890021,-0.46814763182275154,-0.8052514000059705,-0.9205728519662396,-0.7252169934232954,-1.131098706147267,-0.9666227477489383,-0.7946501802770368,-0.1515677945492043,-0.3355168692151017,-0.1964807017256015,-0.2611635093738913,-0.7639909756184822,-0.7748708575095057,-0.9281340863973366,-0.9737069258328866,-0.8771798615980851,-0.6991013940287961
859464,0,-1.328015285354684,0.4015336192558537,-1.317681742875294,-1.095231296753594,0.5597320478525246,-0.5109729384821532,-0.8492053269104047,-0.8782849058788027,-0.3566091757619814,0.8354594737995178,-0.5987975287904128,1.4902622908070629,-0.5821049768372798,-0.5468537557875595,1.0817465872707637,-0.4464578611876718,-0.4711840026723572,-0.3993952193372643,0.2653368210500321,0.15081523884355724,-1.2173659802448358,0.9771719586808317,-1.2059707480080586,-0.961891257489067,0.9647154564812093,-0.5693765515503062,-0.8647296545794382,-0.755229842401783,-0.053173814999343275,0.44778466690360375
86973702,0,0.10397896732187135,-0.9323192292356959,0.0977204050814145,-0.028110533224936937,0.22256662254932083,-0.03947558622381866,-0.03947202938388125,0.18814290391349617,-0.3313165085242911,-0.2951738364458877,-0.5791289538903565,-0.8927068383730887,-0.35580014888702316,-0.3983516350992426,-0.45245512033778174,-0.13984728368858595,-0.027347503169906674,0.5068549279686855,-0.719514578425889,-0.4880935793759349,-0.0760387892636872,-0.9490919729809948,0.0553608186875152,-0.1884665516999991,-0.06101316819175348,0.13152918629142246,0.1920760563221274,0.7094788705089342,-0.35295811599927457,-0.41591267223129375
91550,0,-0.673183742673445,-1.04442693005231,-0.6404958362923442,-0.6444325064417847,-1.119638719455557,-0.14569308576826895,-0.26527414133070754,-0.5777894828117075,-1.1442950983071862,0.6405703579748213,-0.7514971921053961,-1.0757959260743317,-0.7370745872814771,-0.5714626786444806,-0.045799246031902115,0.7760245336011186,0.25892703900917374,0.5635259216362006,0.24265539488028326,1.1172162307086166,-0.7893682836269053,-1.3192110034027806,-0.77450250460149,-0.7081611442418969,-1.1353754776552443,0.16948673325203875,-0.009820862265321275,-0.13010397664668644,-0.4924299565714349,0.8253696293002738
903554,0,-0.569562048007403,-0.3511895147985546,-0.5669250217499994,-0.5862834926212321,0.4521260610536299,-0.12692605943710014,-0.5144129848927084,-0.39590370691118393,0.4383032231368502,-0.18459845158081192,-0.4235684069535468,0.817498908158687,-0.47928387022509794,-0.3767127546560879,0.32516269573302253,-0.5166049305786065,-0.43028763950391713,-0.694084386408343,-0.04981562678226263,-0.7610037240805745,-0.5564871839965603,0.02966724080106061,-0.5596786534539157,-0.5562067717381758,0.4518511441447279,-0.49804254088294064,-0.5412057303150954,-0.7940392889277613,0.22096049233214485,-0.7561913359480529
90401601,0,-0.16371041056540428,-0.08350378019561895,-0.1476549820569755,-0.26416098536777444,0.6673380346514183,0.20430228158311667,-0.02754721597612722,0.1481650987301204,-0.03503097802563549,-0.29793822106751544,-0.6756837761269968,0.21782124117406282,-0.6544241283779052,-0.43887149945848336,-0.5365908184700328,-0.332186022341149,0.03288745033399728,0.30283935076563084,-0.8854471172466806,-0.5120199482267526,-0.2963317213464455,0.2599635263968382,-0.28659748674089747,-0.3510595033755091,0.43416616785726375,0.023546509593116847,0.3558423220044404,0.48373467956101446,-0.3930362311062173,-0.4142169313822068
923465,0,-0.9379947401533306,1.1336655429561893,-0.9506637021470039,-0.8298184712954277,-1.0529230076402425,-0.7375315759439954,-0.9292169781624318,-1.0604354354560375,0.5792195120325516,0.046227664325035785,0.4186042092215946,1.315980968839656,0.35460022406986896,-0.14801948879607982,0.3624501074052698,-0.3814021113493048,-0.6097243957313363,-0.9525041175322121,0.4885698049312408,-0.32023514790691676,-0.6676826640002386,0.9590772505268779,-0.6940952721804344,-0.6517766746314145,-0.55619250424077,-0.5896642059602908,-1.0220430405393437,-1.2582064541508133,0.23699173837492193,-0.44813174836394376
893548,0,-0.2961159093053468,-1.2388994722852114,-0.3729656015929076,-0.3433242467571407,-0.9381432883880889,-1.292222962453903,-1.0692501902334874,-1.042723414484065,-1.3105040544405777,-1.0733481074338636,-0.018038153559656947,-0.7257340879720573,-0.1358908921614478,-0.14780734290938227,-0.9489832176485659,-1.1727628804701002,-0.9248166077709689,-1.129965286273917,-0.7577148751328339,-0.5834252052659118,-0.31101791681862945,-1.3521104727736064,-0.3888512124989944,-0.3560241736556775,-1.3873863897516192,-1.2757141452501919,-1.235672467712988,-1.2167684793740718,-1.289182884897456,-1.0393800577455552
869254,0,-0.9581434030050612,-0.9803653867285302,-0.9769987096252296,-0.847954054813719,-1.3391549325253025,-1.0205847668976036,-0.839075646703818,-1.0679809152423037,-1.5056189159884732,-0.8383754145955761,-0.536573310015689,0.04353991920665641,-0.5102777923139374,-0.4717541118966107,-0.1844319304543612,-0.4317496047024758,-0.3748080770661108,-1.0018888405853326,-0.4604688163819196,-0.5509002976093313,-0.8942696798567902,-0.8059792812179047,-0.8794870420267167,-0.7659640910752844,-1.1221117454396459,-0.857984796543959,-0.8479619443916669,-1.235168177129416,-0.9797798362718583,-0.9325483842530842
8910251,0,-1.0013191091159122,-0.06977630662623795,-0.9343610784700069,-0.8735741648633685,0.020267367367398783,0.20430228158311667,-0.3087420095589723,-0.5769952217815743,0.3841046504846572,0.271525010987628,0.17149538638634093,-0.03516777458507562,0.2886766437539247,-0.2731855619476612,0.10972431718225863,0.5865143058110933,0.04873875388765624,0.29960100827034436,1.7276919293627633,-0.19275246387365352,-0.9089558753289738,-0.44079517120174244,-0.8646192896167859,-0.7950428741448412,-0.5164013075939736,-0.01244771597298502,-0.3881942641701283,-0.5373712362061533,0.04621991046587435,-0.47017637940207196
8915,0,0.25365474850615494,-0.03545762270278422,0.2256332985470829,0.10776240995972056,-0.4790244113794717,-0.11435021705023449,-0.36605804819624155,-0.0006264675815161295,0.2287354088817039,-0.611695875622169,-0.41069443065532807,-0.5017919592074868,-0.3307098310055818,-0.320494094681225,-0.5716473593584707,-0.24280507908495805,-0.527614643323383,0.011388526189838646,-0.6383389479236314,-0.3807987690605492,0.007882327720220853,0.09382120607417023,0.07053199461601621,-0.11240071062170702,-0.07427690040735191,0.3245891234186957,-0.4429459709057076,0.5393976307536522,0.08148865175998449,0.030067171078545736
912600,0,0.47529003987518953,-1.8246050112454801,0.4668285257682938,0.2801943865860131,0.5525583153992648,0.4983835189375147,0.399438038301517,0.36791065040033094,-0.11452221791551885,-0.0491436051210921,-0.8566346652075156,-1.5529144698689736,-0.8364519247726767,-0.5538545700485802,-0.34792288932498505,-0.4096872199746817,0.043032284608339036,-0.18291202352735614,-1.052573415339564,-0.5897806469919101,0.16733244998964636,-1.8785019827068126,0.17369599092982324,-0.033497915097604476,0.9337667479781454,0.2912126597119468,0.6325339828288856,0.4821884864723298,-0.5677768129724878,-0.13441969128287834
922576,0,-0.13204822608411376,0.9094501413229613,-0.18569443730330157,-0.22069315820488603,-0.2968116070666768,-0.7094777736963718,-0.7463698392435367,-0.6296812034470826,-0.5481107991330634,-0.6821876834736557,-0.20220753671473055,0.22531721201137064,-0.3823663678203143,-0.18535716485485668,-0.40082639648390056,-0.2518563138450785,-0.3738569988528913,-0.4429509258988688,0.036135040808363,-0.46753185614476345,-0.18094018549357221,0.5708635119511383,-0.27901189877664695,-0.25424843291222843,-0.5031375753783751,-0.6655792998815238,-0.8120311368464431,-0.6536449564752191,-0.4315112216088825,-0.8285429455090916
861597,0,-0.49472415741526143,0.5822786879193739,-0.4954442871662432,-0.5289980780158361,-0.6368465253511834,-0.18748357739231492,-0.3564412631899883,-0.2849719163692343,0.4130105558991599,0.15127427994685794,-0.37457577492977,0.5364000017596444,-0.3149668864525205,-0.4036552822666825,-0.004368788618293727,-0.028969657877108455,-0.15764521838098328,0.18302067844002745,-0.11785990529150821,0.23530522884800717,-0.49984043003242246,0.8028047710154573,-0.46470709214149947,-0.5292557045029767,-0.1140680970541484,-0.046478620144572276,-0.134967620518074,0.10027879356728683,0.09751989780276157,0.4760470143883844
907409,0,-1.0358596740045927,-0.9780774744669667,-1.009185940987506,-0.9104210647100552,0.11209114276912241,-0.054953546084576366,-0.31540964716330777,-0.6892507807070795,0.39494436501509556,0.8575745507725341,-0.26800786001673726,-0.16634726423796234,-0.13736679321329737,-0.4074739082272392,0.07594255959885478,0.7483051271482494,0.6539415235663548,0.13606471225837197,0.12447322694317302,0.3725080002269151,-0.8565051772140313,-0.6661565363918966,-0.7696477283043697,-0.7673825682981896,-0.012379483401224295,0.3023381476141963,0.11190391431645759,-0.3233781127322345,0.1744698788080911,0.693667090021196
9111843,0,-0.5983458520813035,2.053406272104736,-0.6212671006733224,-0.5969345496081649,-0.8771665625353817,-0.7669396996794351,-0.6077599113534066,-0.7615285344492089,-0.7251594697968935,-0.263383413297179,-0.7557885175381356,0.9168205217530156,-0.6529482273260556,-0.5540667159352778,0.0663816848110991,0.02533775068361517,-0.0821930134655667,-0.426435379172907,-0.37213063024710963,0.17511545720766897,-0.6550944964526523,2.016795190798915,-0.6585947205077424,-0.6196836274631841,-0.5385075279533047,-0.44372398230136895,-0.43952398923473385,-0.6626128763895884,-0.7441205194430354,-0.12707148093683507
9111596,0,-0.6357647973773746,0.5227929691187212,-0.618759004723015,-0.6271605221386503,-2.1856553620099404,0.04371844802775447,-0.002287127359702027,-0.6447721630196152,-1.6862808248291168,0.43877028059605644,-0.5240569441701985,0.633847622644646,-0.4369747067387456,-0.4187176402222118,-0.08659231179299365,1.9905870979748035,1.097778023068805,0.6040052028272829,0.35486876645693366,1.9034217571659555,-0.7180353341905834,0.42117092631388264,-0.7059287894046652,-0.6489397201856042,-1.698199848003814,0.5660776549439971,0.24829432663098092,-0.40996492569856013,-0.9717642132504698,0.8666326566280533
904647,0,-0.618494514933034,-1.9092577649233313,-0.6476021081515481,-0.5963588167980606,-0.5651092008185878,-1.0006568935768778,-0.7935561976742194,-0.8009768322791623,-0.7757448042722741,-1.041557684285154,-0.537646141373874,-0.3200146664027725,-0.5875166140273945,-0.44608445960620163,-0.30298677782253297,-0.7581597582393254,-0.5783388146950916,-0.9662670731371801,-1.1468803978348343,-0.7389466027962268,-0.5061345138062154,-0.9013877423932981,-0.580614876235247,-0.5030138758792303,0.1954189879764872,-0.6276217529209073,-0.584713782988904,-0.6997215105180137,-0.7232798995874252,-0.6538816380531465
907145,0,-1.2482841480699791,-0.03088179817965722,-1.2416028323826416,-1.036794416527989,0.7821177539035729,-0.40262721945684843,-1.01315227769701,-0.7557039535615647,2.6098593674013846,1.0151444742052682,1.0512171000979538,0.9955282155447477,0.8677218230962115,0.07515798400979078,1.894420944230006,-0.3729165787616919,-0.8236852910986249,-0.20719959224200563,1.2454131834375848,0.14632904468402863,-1.0495237462770197,-0.4029607814252932,-1.0615411531687289,-0.8728818117517649,0.301528845701277,-0.7735619765798294,-1.2229133646255004,-1.0533358699001325,0.4566198091609678,-0.2316421666305238
91903902,0,-0.11477794363977326,-0.669209319155888,-0.16186752577538263,-0.2140722308886846,-0.2745730364615716,-0.6111927285805597,-0.903059322945423,-0.7787375234354301,-0.667347658967888,-0.1928916054456923,-0.7075111064198154,-1.3786331479015672,-0.7232995107975484,-0.48214926034479283,-1.0509658820512942,-1.030375643649953,-0.7901756353861897,-1.0885145023342486,-1.197018287262699,-0.7987625249232713,-0.0760387892636872,-0.8915179015820507,-0.15703564431149894,-0.17694142426389423,-0.2909178599287961,-0.6348205980341276,-0.7352809765117472,-0.4170774139065081,-0.168598786507338,-0.3599532242114277
904689,0,-0.32202133297185737,-0.22077851588943223,-0.3115172508103801,-0.3588690326299616,-1.656233906959378,-0.4865951517014594,-0.6075034637532398,-0.7779432624052969,0.21066921799763955,-0.5467328370139368,-0.5966518660740431,0.15597948176627316,-0.21952528509958627,-0.41935407788230455,-1.114386351476741,0.6611869925820885,0.07980730885282783,-0.18615036602264287,0.6867338440985168,-0.048072702228865206,-0.4368995922944913,-0.1660846019553507,-0.3175466856350394,-0.44556554835156914,-1.7547917721237019,-0.1413724875461134,-0.5407168757906707,-0.7411594852947553,0.47425417980802237,-0.6623603422985805
914862,0,0.27668179176527496,-0.5754049164317825,0.2966960171391209,0.11380760446581768,0.16015515020596227,0.624141942806172,-0.13769146024774775,0.34964264670726536,-0.5336578464258115,0.7939937044751149,-0.109228819005373,-0.6998729885833453,-0.2652782177069207,-0.10898464564372216,-0.956950613305029,-0.4102529221471892,-0.3817826506297208,-0.2849198121288835,-1.195824527990607,-0.22303427445046983,0.11488175187470387,-0.8536835118056014,0.08873740573021768,-0.02888786412316249,-0.8612583451995387,-0.23430303355314006,-0.4175255356356173,-0.188859314016693,-1.1769641625980165,0.07359118620510757
8913049,0,-0.8113460022281681,0.16130283179168087,-0.7487619781472727,-0.7362618896534495,-1.1763112058363092,0.2700836109913373,0.061440101281736194,0.20296910980931754,2.8158139434797174,-0.0850806052022424,0.30059275982125633,1.291619063618406,0.016618883196333558,-0.11237897983088377,2.7453388003402712,3.23456617531888,1.5530274611298902,3.735482395769406,1.625028631962849,1.0031921291539385,-0.9131519311781695,-0.5411385527827605,-0.8649227131353561,-0.7723472385783577,-1.3343314608892243,-0.4522317083442657,-0.56907043820731,-0.32275963549676073,0.07026677953003999,-0.796889116326137
914101,0,-0.4659403533413604,-1.4699786107031299,-0.535155806379441,-0.4967570406499851,-1.6411690688075338,-1.2326328169899856,-1.0357324888916928,-0.9722724611112421,-0.7323859461505194,-0.38916291358120264,-0.26800786001673726,0.5064161184104132,-0.36170375309442115,-0.3262220336220601,1.0403161298571555,-0.8718658949133405,-0.8111627612912343,-0.6322320447483695,0.9696547915843269,0.3691433546072687,-0.6341142172066754,-1.5231877135018983,-0.7141212244060561,-0.6014207332182795,-1.7061580873331732,-1.2344843959653844,-1.2430052855793603,-1.3485041305299814,-1.0118423283574125,-0.7861494242819206
911673,0,-0.05145357467719172,-0.6028598635705446,-0.11128759077752061,-0.14527216008119911,-2.0314201142648582,-0.9857593572108985,-0.8425376893060692,-0.9219692625361336,-0.009738310787946194,-1.0484686458392214,-0.883455449162138,-1.1985424485352472,-0.7139521374691683,-0.5504602358614186,-1.2166877117057278,-0.6953668170909886,-0.7005840677009094,-1.128184197901509,-0.8842533579745886,-0.6499704186322485,-0.2249987719101237,-0.6283221466154473,-0.1691725850542995,-0.27357518507431194,-1.7304749297284372,-0.34555791257563656,-0.64826487116413,-0.8008425385179725,-0.37219561125060674,-0.4074339679858589
8610629,0,-0.1579536497506243,-1.9023940281386407,-0.15559728589961494,-0.26099445491219975,2.3316439638076547,0.010827783323644284,-0.2459123475181177,0.4592506688656593,2.1220722135316468,0.4788538576096465,0.02702076348410859,-0.37810844039190783,-0.09407369569237868,-0.1554445948304957,1.9995905668953198,0.16676329381049967,-0.646182393904752,-0.5765325538294401,0.6151082877729953,0.871223250961147,-0.44738973191748,-2.1597924458273696,-0.4677413273271995,-0.474644331421126,0.5358547815101866,-0.7558920840291975,-0.9074066545617245,-0.6176186575088729,-0.3224987485179979,-0.6940141714815352
911391,0,-0.9207244577089901,-0.8316510897268998,-0.8871252714058878,-0.8375908642318384,0.2943039470819173,0.05339217294072811,-0.4718426832650273,-0.8605464095391591,0.1636971216990714,0.7497635505290842,-0.9095610122113037,-1.2701289700315366,-0.7587211360419365,-0.6445045074344627,-0.8450883782882863,0.31045164562741445,-0.14052581054303154,-0.8271802629646214,-1.008404322272159,0.3134397771264588,-0.8963677077813879,-1.0313406464080583,-0.7887634099742808,-0.7803261729571996,0.00972673695810682,0.8926434468982665,0.32015594172142897,-0.5311864638514159,-0.5293018224698226,1.3459620699699335
9013594,0,-0.12053470445455325,-0.9391829660203864,-0.14054871019777165,-0.19939104423102025,-0.9984026409954694,-0.5545047005905342,-0.5828844941372315,-0.6222681004991718,-0.08561631250101609,-0.5494972216355637,-0.9381698484295676,-1.263195197007027,-0.8571145394985696,-0.6073153334963742,-0.6098908585094939,0.24879010882409272,-0.24007199686000974,-0.5575882502320135,-0.28498620338439157,0.38671428173208805,-0.350880447385986,-0.9836364158203617,-0.26748180507098634,-0.38332986019660287,-0.24228417513826814,0.37301771781672377,-0.0689722597207239,-0.13319636282405528,0.76281660857801,0.6891451144236305
905557,0,0.26228988972832495,0.6532039680278436,0.2465340981329764,0.12618585988306424,-0.8212114493999563,-0.03173660629343981,-0.24822037591961846,-0.25028918472008044,0.4635958903745395,-0.5273821446625483,-0.3001928007622841,0.22531721201137064,-0.2623264156032216,-0.2432729919233002,-0.8530557739447494,0.14922652646276613,0.03542365890258261,0.025961067418628227,-0.17993538744029347,0.06782064689228327,0.11488175187470387,0.9755269852122908,0.10390858165871869,-0.01080227953112093,-1.1176905013677794,0.5307378698427337,0.1974534560908003,0.2595366817017785,0.4037166972198039,0.4703945448914281
874158,0,-1.1509948903001952,-0.9483346150666407,-1.1651059058982716,-0.9567675559234661,-0.28174676891483147,-1.1064874441248094,-1.1072300798181836,-1.2128276517709449,-0.40719451023736103,-0.34078618270273225,0.07851666867698338,0.09788570777713784,-0.08029861920845002,-0.28739933635640014,2.315099434891261,-0.7604225669293555,-0.9639376249413991,-1.5213189768293,0.5745204725218664,-0.13592733785296152,-0.9110539032535718,-0.7303105016650062,-0.9523086864835217,-0.7734110964955367,0.8453418665408222,-0.991490651370955,-1.291010799877877,-1.6017705584564836,0.034998038235930735,-0.4079992149355551
919812,0,-0.6875756447103956,1.186287524972151,-0.6379877403420369,-0.700854321832024,1.937088678878375,0.9878739995339804,-0.5487769633150533,-0.07687552647431191,1.1392714294385466,1.5348487830711275,-0.38208559443706425,1.4284205313992733,-0.3371054022302629,-0.4036552822666825,1.8338687372408862,0.537863918975445,-0.42331306594030715,0.9488886785753035,-0.5929760955841344,0.7441144164411778,-0.6781728036232268,1.0808052871989315,-0.62673525105789,-0.6835151024939188,1.9373891522917783,0.46922046614794133,-0.6428874713954569,0.2595366817017785,-0.17340816032017148,0.8768071017225744
891703,0,-0.6415215581921545,-0.41067523359920644,-0.67268306765462,-0.6251454573032846,-0.9237958234815692,-0.923267094273089,-0.7830418460673825,-0.6728360527509913,0.21428245617445202,-0.8010562222036128,-0.6992860660070646,0.041665926497329246,-0.7916829261999085,-0.5536424241618825,0.14956129546457445,-0.5907119151770941,-0.5669258761364572,-0.5216426485343325,-0.3160239444587846,-0.7662376172666908,-0.6613885802264453,0.021442373458354144,-0.6804412138447838,-0.6301448969821102,0.17331276761715608,-0.5078591478555139,-0.6815069788250174,-0.3496633952398691,0.3043229717545854,-0.7980196102255286
901028,0,-0.06008871589936223,-0.6966642662946501,-0.1300983104048249,-0.16168054516917663,-0.6576503494656372,-0.9522882690120098,-0.9351152729662671,-0.7236687586795221,-1.4152879615681515,-0.5688479139869522,-0.5301363218665796,0.27591501516319816,-0.5442235165064758,-0.408110345887332,-0.47412643652336167,-0.9901542191846667,-0.8480011907499375,-0.932264476936671,-0.6120762439376066,-0.6529612147386008,-0.23129285568391705,-0.006522175506847723,-0.30449947433652874,-0.3170160500257841,-0.781675951905947,-0.9986894964841754,-1.0664799168095593,-0.9038189982243525,-0.8803861108066406,-0.7381034335577932
894335,0,-0.47457549456353093,-0.5159191976311298,-0.5447701741889522,-0.4967570406499851,-1.50845501842223,-1.3465892964648147,-0.9556310809796074,-0.8266579389201387,-1.241852529081134,-1.0139138380688848,-0.08848741274713162,1.8444469128698568,-0.17524825354410115,-0.1870543319484374,0.07371168881504507,-0.8288725298027677,-0.6988404243100068,-0.09709594740226188,1.642935021044229,-0.32621674011962115,-0.6949570270200085,-0.8898729281135092,-0.7590279051544188,-0.6335137803865101,-2.161546226735394,-1.3499931380093293,-1.215482775854243,-1.325001995581979,-1.619426553378664,-1.4056600811483129
893061,0,-0.7134810683769061,1.197727086279968,-0.7274431625696611,-0.6697647500863819,-1.567996997784285,-0.9143672673531532,-0.8745936393269135,-0.9288528581306221,0.4310767467832243,-0.5757588755410197,-0.541222245901157,1.0686139312084986,-0.4340229046350466,-0.4617832552218236,-0.3198776566142349,-0.11721919678828456,-0.5085930790589923,-0.7774717056619724,1.3576265550142355,-0.6066038750901415,-0.7914663115515028,0.9870417994920797,-0.7702545753415097,-0.7033737836145918,-1.6592929001713916,-0.7676720123962854,-0.9709577427369505,-1.0183919060958655,0.5335697901662981,-0.9461143110457791
8911164,0,-0.630008036562594,-0.43355435621484223,-0.6450940122012407,-0.6167973315567695,1.8581776218925188,-0.6198990810022361,-0.3674685099971587,0.6837617867166697,0.720135800928254,-0.5799054524734604,0.853458519739205,2.0187282348372633,0.5794291509682759,0.18801959573291163,2.24817331137697,-0.5969346390746769,-0.6128946564420681,1.1820493382359374,0.7416467706147503,-0.31088891007456615,-0.7998584232498935,-1.0905596912755444,-0.8288153144255237,-0.710643479381981,0.12910032689849385,-1.1107297040644777,-0.975161891647004,-0.3796595411603461,-1.108029804614075,-1.3485701392290557
858477,0,-1.571814105860622,-1.7079214859057392,-1.558876970096505,-1.22448331262205,0.0661792550682606,-0.9948526586290937,-0.8634381687196595,-1.069993043185308,-0.47945927377361847,1.233530859313794,-0.8820250073512248,-1.1921708733235354,-0.8841727254491438,-0.6715531079884062,0.9510812985047677,-0.8424493819429486,-0.38653804169581835,-0.9808396143659698,0.03971631862463894,-0.3908927059194878,-1.406817901836008,-1.6811051664818601,-1.4223117167484831,-1.0608300437867058,1.7826456097764605,-0.8475137491065475,-0.75385744843989,-1.0796211524077672,0.49509479966363296,0.34321398120991575
917896,0,-0.10614280241760274,-0.1315499376884537,-0.12131997457874928,-0.22702621911603546,0.18382846730171887,0.05532691792332289,-0.4372222572425156,-0.2749112766542125,-0.36744889029241984,0.7580567043939656,-0.2984047484986426,0.06227984629992594,-0.27511755805258403,-0.28697504458300493,-0.12324233181272407,-0.16586958362393284,-0.35325030423313464,0.27855178205098163,-0.2229107212356063,-0.0323710226705161,-0.23129285568391705,0.0017026918358587428,-0.22287854784119296,-0.30371782606104775,0.4209024356416641,0.020928747733763912,-0.3789060282060568,0.22242804757335308,-0.09966442852339702,0.3460402159583935
871001501,0,-0.3105078113422974,0.348911637239892,-0.33952432225547746,-0.3755652841229918,1.2125417010991517,-0.546572246161896,-0.7255975836300297,-0.5762009607514409,2.6170858437550093,-0.2868806825810073,0.06313941920966668,0.1990813140807933,0.014651015127201109,-0.11025752096390778,-0.034644892112853876,-0.7932332929347928,-0.3966828759701601,-0.04366329623003323,1.067543051895873,-0.8600738451034916,-0.43060550852069834,-0.2483332753824142,-0.4841261973299808,-0.4547856503004529,-0.14501680555721097,-0.9352087713948686,-0.9282807427546641,-0.789400709661708,0.4566198091609678,-1.1213408654514188
872608,0,-1.2016543854702604,-0.27340049790539395,-1.1299925625939706,-1.0002353830863544,0.028158473065985307,0.48870979402454107,0.5481776463982341,-0.2926497729938561,-0.530044608248999,2.517587516059493,0.10211895855705103,1.9587604681388007,0.14207047260354114,-0.26512401825315257,1.8274948207157153,3.5434395615079963,2.7802353822541654,2.072593524439747,2.1765454156693647,5.266198129245726,-1.0390336066540313,-0.20227401826325847,-1.0227029427917667,-0.8563920140354918,-0.12733182926974682,0.27223388623163847,0.3793073391768316,-0.23060652741117152,-0.47639871052865784,1.8094645687203366
9047,0,-0.32777809378663786,-0.705815915340904,-0.3533188499821671,-0.4095335199191561,0.15728565722465854,-0.3053095468323339,-0.7050817756166894,-0.6437131483127707,-0.29157088857934993,-0.13069295145908696,-0.9181436630767827,-0.5823736457085454,-0.9080331257873774,-0.6071031876096766,-1.3508586545605674,-0.7123378822662148,-0.5032036358507482,-0.7272773969850305,-0.2229107212356063,-0.6959539087674139,-0.49354634625862953,-0.42763538345341257,-0.518413054928393,-0.5182625060254614,-0.6976723145404888,-0.37697105488787086,-0.4400128437591587,-0.46593711550893485,0.6185353941930162,-0.3305603828272555
9010598,0,-0.3795889411196589,-0.09494334150343686,-0.40807894489720825,-0.4411988244749026,0.011658888423487565,-0.4763410032937076,-0.7830418460673825,-0.8049481374298288,-0.20485317233584063,-0.15419022074291522,-0.6481477712669179,0.12974358383569584,-0.6436008539976755,-0.48193711445809523,-0.4836873113111173,-0.5081193979909935,-0.5298338258208953,-0.29188224849374955,-0.17635410962401754,-0.6357641371270755,-0.516624653429204,0.060921736703344366,-0.5751532529009868,-0.5203902218598191,-0.14059556148534524,-0.45484947020361843,-0.7113271048149311,-0.4776881829829361,-0.2679925119725565,-0.6674475648458414
896864,0,-0.3162645721570774,0.021740183836304505,-0.297304707091973,-0.39111006999581277,-0.057926316373130844,0.16173789196603286,-0.21642087349894112,-0.4954510893545564,-0.1976266959822147,0.3392524342174879,-0.4797132480318895,-1.2169075770866513,-0.18607152792433093,-0.4100196588676104,-0.44576250798635264,0.4020953975736358,0.378128841732689,-0.32199883369991483,0.8287911974774679,0.276054825797056,-0.3760567824811582,-0.6036475445873285,-0.2295538652497338,-0.42357915139653834,-0.18480800220400748,0.4705293470776176,0.35633117652886515,-0.2386467314723302,1.0978696508720507,0.42234855416730155
911408,0,-0.3594402782679284,-0.8064840548497005,-0.36544131374198563,-0.41154858475452194,-0.44459049560382585,-0.4150095873454547,-0.37952154720499615,-0.461562618735536,-0.3999680338837351,-0.5273821446625483,-0.9034816345149226,-1.3647656018525476,-0.810869639873952,-0.6011631027821439,-0.7179287436111342,-0.42326407211486267,0.03732581532902183,-0.5569405817329565,-0.5440319654283613,-0.5774436130532073,-0.4452917039928823,-1.0313406464080583,-0.41130455287317574,-0.4741124024625366,-0.016800727473091255,0.049724128186645476,0.3744187939325835,-0.2502431796374631,0.15202613434820297,-0.3486482852175151
857343,0,-0.667426981858665,0.5365204426881031,-0.7069603789754857,-0.6389630447457922,-0.7336919134701888,-1.0540558550964922,-0.9152405839533437,-0.9812740861194194,-1.1587480510144381,-0.5619369524328848,0.01307395582770492,-0.010805869363825438,-0.10243713498619268,-0.24412157547009064,-0.40433205057274424,-0.8872529940055457,-0.6442802374783129,-0.7050947508923173,0.4169442486057193,-0.7718453599661014,-0.6781728036232268,0.01650745305273015,-0.7220102358888763,-0.6324499224693311,-1.0823205487928498,-1.0945650245829739,-1.0548451791282487,-1.1884731458511477,-0.7665642639029235,-1.0489892558903808
873843,0,-0.7681702961173171,-0.9918049480363481,-0.7567042819899121,-0.7135204436543225,-0.43096040394263185,-0.4370656801470346,-0.33515611237614784,-0.6513910049373925,-2.3438901730090587,-0.10719568217525774,-0.2436903492312131,-0.20195312571517424,-0.46304895865475354,-0.3650447308877201,0.0733929929887865,0.6696725251697013,0.8606425219060674,0.861453431202566,0.1292482640315409,0.3553109226153898,-0.8061525070236868,-1.3027612687173682,-0.8391317140569041,-0.7198635813308649,-0.9231557622056658,-0.6047163366515698,-0.5192072767159788,-0.789400709661708,-1.7637077677636575,-0.5606158913533704
88203002,0,-0.8228595238577281,3.330061314057197,-0.8712406637206084,-0.7572761372222631,-1.3484807847145404,-1.3233723566736781,-1.0640186591900858,-1.1061319200563726,0.10588531087006589,-0.6448684910816925,-0.6388498994959823,0.8081289446120524,-0.6662313367927011,-0.5201233740636624,-0.8817383983080167,-1.0538522838090156,-0.9123891857849002,-1.356973095193506,-0.1679977947193733,-0.4858504822961708,-0.8082505349482845,2.65833484353001,-0.8597645133196656,-0.7133031241749284,-1.4607790413445982,-1.2077832249999851,-1.211523054206402,-1.2987167130743442,-0.0002707030581785131,-0.6284455253168444
919537,0,-0.8976974144498696,-0.3740686374141896,-0.8712406637206084,-0.8183038150933382,0.019549994122073096,-0.12808690642665707,-0.45286556085268753,-0.5383411849817541,-0.7107065170896426,0.15680304919011154,-0.9006207508930962,0.6881934112151274,-0.825628650392447,-0.6340457152202713,0.7569955403133257,0.4716767647920628,0.38066505030127457,0.26883675456512174,-0.8770908023420363,-0.11200096900214386,-0.9635046013685143,0.14646035706749091,-0.9207526405522395,-0.8257174440901665,0.43416616785726375,-0.0157199182971761,-0.2870013776141916,-0.23818287354572487,-0.9974142069189134,-0.07959073716240311
8611161,0,-0.2126428774910353,-0.7767411954493746,-0.2149555567235526,-0.3738380856926783,0.8036389512633524,0.95498333482987,0.3712288022831742,0.5733595035281424,0.4563694140209146,0.8396060507319585,-0.4167738083517093,-0.37436045497325393,-0.6436008539976755,-0.5731598457380613,-0.10571406136850528,0.5831200927760478,0.24719707437946628,0.32874609072792355,0.0922417265966884,0.2876441607091711,-0.14317568285081367,-0.3996708344882107,-0.3069268624850889,-0.45797722405198976,0.9116605276188143,1.4770587819987928,1.050015746687678,0.8780139171755325,0.9872540531768894,0.9842040221647408
874839,0,-0.5119944398596015,-0.7675895464031202,-0.535155806379441,-0.53590687173709,-1.133268811116751,-0.6115796775770788,-0.634815133170999,-0.8385718543721381,-0.537271084602625,-1.1341645691096558,-0.5877116047558356,-0.7126161390067686,-0.5688218673706342,-0.4594496504681501,-0.3600333307228093,-0.1879319683517267,-0.343422496029866,-0.8689548811538184,-0.03787803406134245,-0.7882947385510385,-0.6005457704131122,-0.9918612831630681,-0.6106538045736788,-0.5789024073046591,-1.0336868640023213,-0.5785387180580411,-0.6291995447115621,-1.0183919060958655,-0.6880111582933156,-1.1942577219621529
914580,0,-0.46306197293397044,-0.44499391752266015,-0.4674372157211459,-0.48869678130852234,-0.5249362990803336,-0.5386397917332575,-0.6649477261905926,-0.6492729755237038,-1.0467376675332385,-0.34355056732435907,-0.8916804895748888,-0.8147487416650875,-0.7823355528715285,-0.5954351638413089,-1.061164148491567,-0.6636874954305665,-0.587849596827287,-0.7616038274350683,-0.6216263181143429,-0.8570830489971395,-0.4515857877666753,-0.2104988856059649,-0.4234414936159767,-0.47145275766958933,-0.2378629310664024,-0.018337680156529035,-0.333442557434549,-0.1347425559127395,0.19851674787225673,-0.42834810512459714
913512,0,-0.6904540251177855,-0.705815915340904,-0.6747731476132098,-0.660265158719658,1.1623255739263336,-0.22269593607553895,-0.5790377801347302,-0.4472659201931367,0.13479121628456867,0.14712770301441727,-0.11173209217447101,-0.1157494610861348,-0.14228646338612913,-0.2632147052728742,0.5966915397052871,-0.7083779670586621,-0.4277514309353317,-0.020994898763027247,0.11372939349434481,-0.23200666276952636,-0.6068398541869051,-0.6628665894548141,-0.6130811927222394,-0.5734058080659016,0.8674480869001533,-0.6917569184750524,-0.5964462915750995,-0.24529536175367306,-0.17180503571589395,-0.22316346238508897
905190,0,-0.35368351745314835,0.4838984606721413,-0.3763097295266505,-0.3896707379705515,-1.5127592578941862,-0.40591628592725953,-0.3422084213807335,-0.7821793212326744,-0.851622805985344,-0.24956149018904408,0.3460092873177503,1.091101843720422,-0.14327039742069536,0.026788721842738967,-0.35525289332893134,1.09508055889537,0.6260432293119149,0.26074089832690533,0.7309029371659216,1.457045438292887,-0.3802528383303535,0.2287090304945544,-0.4595488923258091,-0.40318854131727594,-1.722516690399078,-0.3913687451143117,-0.42632491707526393,-0.8968611293252728,-0.6783924106676494,-0.15137709977374644
88147101,0,-1.0473731956341532,-0.8682576859119162,-1.0455533322669603,-0.9219357209121448,0.6242956399318612,-0.5208401378933862,-1.0425283502961118,-0.9545339647715985,-0.10006926520826798,0.2148551262442772,-0.7554309070854074,-0.5866838289399976,-0.804474068649271,-0.5964958932747969,-0.19526758854715118,-0.983252652680075,-0.9252604442704713,-1.1055158004345031,-0.6622141333654717,-0.37855567198078494,-0.9844848806144912,-0.9573168403237013,-1.0105660020489657,-0.8471719120866079,0.04951793360490209,-0.903795629082634,-1.1958308239723654,-1.0726632835086873,-0.4747955859243803,-0.08467795970966402
913102,0,0.16154657546967288,-0.5502378815545828,0.10775278888264317,0.04644686568359339,-0.730822420488885,-0.718958024111086,-0.4619694506586073,-0.5375469239516207,-1.4694865342203445,-1.2986454540964567,-0.6513662653414726,-0.3931003820665234,-0.6750867431037981,-0.4242334332763492,-1.1443437591450425,-0.6512420476354006,-0.4439197605600638,-0.9157489302107095,-0.958266432844294,-0.9774625922778161,0.05194091413677273,-0.02955180406642501,-0.02352929614068989,-0.07481106421471875,-0.8303096366964755,-0.30367372282599087,-0.1335010569447996,-0.5525239284752602,-0.7312955226088138,-1.030336106550425
91227,0,-0.05145357467719172,-0.003426851040895217,-0.12131997457874928,-0.13519683590437068,-1.197115029950762,-0.9844050357230821,-0.7436771394417857,-0.7284343248603218,-0.8552360441621565,-0.9683014918120413,-0.2537034419076053,-0.5422702017289488,-0.3872860379931458,-0.2453944507902762,-1.0904841645073515,-0.8271754232852451,-0.529516799749822,-0.8945377868665824,-1.187468213085963,-0.6043607780103772,0.04145077451378408,0.1316555958506195,-0.07207705911189295,-0.07569761247903452,-1.1751666743020406,-0.7323322272950218,-0.5069859136053584,-0.502736511019623,-0.8900048584323067,-0.46113242820694256
897604,0,-0.31338619174968735,-1.1496708940842328,-0.3156974107275592,-0.39024647078065616,-0.14185898607626896,-0.0868768382973893,-0.648406855979837,-0.721021221912411,-0.591469657254817,1.3040226671652797,-0.7908343419055088,-1.0767329224289952,-0.9452258322939848,-0.54239869216691,-0.6038356378105817,-0.13532166630852563,-0.02766452924097984,-0.7261439771116801,-0.4986691130888645,0.6981309263060126,-0.5229187372029971,-1.4327141727321284,-0.5885038877180676,-0.5269506790157558,-0.8303096366964755,-0.36584556698562115,-0.6160004725520922,-0.8583609214170316,-0.768167388507201,0.9446367356860483
871149,0,-0.9149676968942102,-1.4402357513028035,-0.9590240219813615,-0.8148494182327113,-1.538584694725921,-1.295512028924314,-1.0880862664657356,-1.102054713435022,-1.35024967438552,-0.7623548375008358,-0.4317934473662977,-0.8514789987678958,-0.5092938582793711,-0.454782440960803,-0.31350374008906434,-1.0922634613222775,-0.9563924044498575,-1.3315521066055063,-0.5010566316330485,-0.4368761960546532,-0.8082505349482845,-1.2205125952903046,-0.8709911835067565,-0.7148989110506967,-0.7020935586123552,-1.1155725635042806,-1.2342059041397133,-1.1516737503404595,-0.2776112595982226,-0.4147821783319022
90745,0,-0.9437515009681107,0.6234611086275177,-0.9548438620641824,-0.834712200181316,-0.6160427012367304,-0.9037261699488821,-0.6643066071901756,-0.9047602735499124,0.7237490391050665,-0.4389218367704879,-0.3391723401096686,0.7594051341695516,-0.29676410681304316,-0.41956622376900216,-0.1857067137593952,-0.22413690739220926,-0.06634170991190774,-0.21853379097550876,-0.25394846230999896,-0.42752995822230244,-0.7243294179643764,1.0561306851708128,-0.700467166070405,-0.680323528742382,-0.11848934112601414,-0.5484344566754833,-0.3828168644014553,-0.6055583514171347,0.08629802557281709,-0.42778285817490175
884448,0,-0.25294020319449634,-0.4175389703838973,-0.31360733076896996,-0.3116589422013942,-1.7537966683237092,-1.1395715833271791,-0.5717290235299777,-0.9839216228865303,-1.1876539564289408,-0.9116316070686895,-0.8566346652075156,0.7219252799830126,-0.9692830194391316,-0.5604310925362056,-0.2755789367642997,-0.5516784652740739,-0.03844341565746792,-1.0389678621563638,-0.1130848682031403,-0.5920237440716744,-0.4767621228618479,0.36195188144639706,-0.5611957710467657,-0.48085016927133634,-1.0115806436429902,-0.6714692640650678,-0.20145183583984888,-0.9944259132212573,-0.23112064607416882,-0.6900574428336659
893988,0,-0.7307513508212465,-1.9527280978930386,-0.7483439621555547,-0.6930819288956134,-0.7623868432832271,-0.8600009333422414,-0.952425485977523,-1.0406583358057184,0.06252645274831123,-0.26891218254043264,-0.9703547891751144,-1.6033248737498684,-0.8541627373948707,-0.6478776270329545,-0.9566319174787704,-0.6812242627783002,-0.6965895392053874,-1.1549005234876235,-0.0295217191566982,-0.7034308990332944,-0.8124465907974798,-2.0972834540228016,-0.7751093516386298,-0.7187997234136859,-1.051371840289786,-0.5942452892141584,-0.917917026836858,-1.0338538369827093,0.7676259823908436,-0.5566591627055011
918465,0,-0.578197189229573,-1.3304159627477534,-0.5769574055512281,-0.5891621566717545,0.961461065235064,-0.27183845863344497,-0.6428932325762517,-0.535693648214643,-0.5734034663707537,0.43324151135280287,-0.5408646354484284,-1.3338447221486531,-0.5555387579039888,-0.454782440960803,0.06415081402728941,-0.7870105690372098,-0.44455381270221017,-0.6174975863948153,-0.1130848682031403,-0.5980053362843788,-0.5795654911671352,-1.6202411481458332,-0.6024613695722884,-0.5732284984130385,0.8453418665408222,-0.590318646425129,-0.5319174943510239,-0.6197833278330311,-0.20867690161428074,-0.20733654779361244
9013579,0,-0.1781023126023543,2.048830447581609,-0.24003651622662456,-0.2526463291656848,-1.5371499482352686,-1.1004897346787657,-0.9647349707855272,-0.9807445787659972,-1.42612767609859,-0.7347109912845667,-0.835535648496546,-0.12324543192344262,-0.710016401330903,-0.5317913978320302,-0.6959387315992959,-0.7587254604118329,-0.7765435143300431,-1.071998955608287,-0.7338396896909932,-0.8036225685960936,-0.31941002851702044,1.6466761603771292,-0.29327280414943785,-0.341484782120899,-0.980631935139927,-0.7048457277718168,-0.9369823532894258,-0.8690296537289538,-0.348148742186442,-0.7674962749419647
8911834,0,-0.06584547671414223,-0.9323192292356959,-0.11045155879408504,-0.17981612868746802,-0.10312083082866698,-0.5274182708342081,-0.5533930201180548,-0.2939735413774116,1.0633934277254757,-0.610313683311356,-0.5530233908411907,-0.5552007514233047,-0.4984705838991414,-0.4363257488181122,-0.921256680764074,-0.567518126104285,-0.5526597029381641,-0.22177213347079522,-0.6311763922910791,-0.83764287430585,-0.25856721870368693,-0.6381919874266954,-0.25504144080961516,-0.3602796053243931,-0.6401961416062282,-0.5301101236600133,-0.6130673454055432,-0.21777312477509095,0.07026677953003999,-0.8517180704466114
891716,0,-0.3911024627492189,-1.2526269458545929,-0.4118410888226692,-0.45415281270225344,0.005202529215554401,-0.39101874956128,-0.9625551661841097,-0.7670883616601419,-0.6420549917301976,-0.26891218254043264,-0.7933376150746069,-0.9794727008149264,-0.7395344223678929,-0.5642497184967623,-0.3383620145372294,-0.7717366103795064,-0.8064707754393512,-0.6187929233929299,-0.815015320193251,-0.9127866264779494,-0.5690753515441466,-1.338950685025276,-0.553306759563945,-0.5664907316042386,-0.14059556148534524,-0.6950291207992435,-1.0690219603365685,-0.7821336021448915,-0.8691642385766967,-0.8460656009496551
925236,0,-1.3401044830657223,1.9733293429500114,-1.353213102171313,-1.0897618350576013,-1.1024217615677347,-1.053088482605195,-1.1277074206914988,-1.2764744356522926,-0.2662782213416596,-0.32558206728378436,0.48261648025996,3.2068396125505503,0.3811664430031598,-0.2305442387214445,1.422751121367387,-0.8034159320399284,-1.0145666884917859,-1.910567744762747,1.1308122933167504,-0.19050936679388938,-1.2005817568480541,1.4180248482498925,-1.2220521944922698,-0.9620685671419302,-1.1353754776552443,-1.1899170003099018,-1.3248395329680742,-1.7628838782973966,-0.6992330305232596,-0.8194989943139613
87106,0,-0.8430081867094587,-1.412780804164041,-0.8678965357868654,-0.771381591069823,0.06761400155891296,-1.0256151038523498,-0.8735678489262463,-0.8036243690462733,0.05168673821787282,-0.26200122098636514,-0.6345585740632427,-0.8138117453104241,-0.6957493578296912,-0.5196990822902673,0.6033841520567156,-0.9309817719403783,-0.6354035074882639,-0.5776659737027905,0.3954565817080625,-0.8279227869602054,-0.8858775681583992,-1.5330575543131457,-0.9262142638865,-0.766673329686737,0.04951793360490209,-1.0712669440347333,-0.9769706533873757,-0.9115499636677744,-0.08363318248061993,-0.9308526434039972
908916,0,-0.34792675663836836,0.06521051680601142,-0.37463766555977873,-0.4049276574383203,-0.37572266405253313,-0.4896907436736111,-0.8972892519416711,-0.7231392513260998,0.1636971216990714,0.07248931823049085,-0.1288973939054294,-0.8366744563642129,-0.12113188164295291,-0.28591431514951693,-0.3874411717810423,-0.6687788149831343,-0.7905560666714776,-0.8577825995450796,0.19848630181287846,-0.5441710063700389,-0.3697626987073653,-0.20391899173179998,-0.3530472373077318,-0.4367000657084116,-0.5119800635221079,-0.5772298371283646,-0.9764329134105084,-0.7757942104812855,0.6441853878614594,-0.3865198308471215
862980,0,-1.2097138506109526,0.0331797451441216,-1.1571636020556317,-1.0120379056934963,0.2799564821753986,-0.13872800383092795,-0.33861815497839903,-0.47453554889437966,0.467209128551353,0.03793451046015443,-0.7947680568855201,0.011682043148097999,-0.6470446231186576,-0.5984052062550752,0.6158132892807984,-0.19698320311184736,-0.054294719211126885,-0.11004931738340824,-0.534481891251625,-0.09854238652355889,-1.1439350028839164,0.199099508060811,-1.0484939418702182,-0.9078118133658057,1.0133491412717384,-0.15184353498352493,-0.03230817038886274,-0.25550023613899014,-0.4635737136944367,0.040241616173066756
9013005,0,-0.11189956323238326,-0.7286950379565399,-0.15852339784163974,-0.20370904030680387,-0.9740119506543871,-0.781643761547155,-0.7999673876783882,-0.7387597182520544,0.2034427416440136,-0.8646370685010321,-0.8298138812528932,-1.3289723411044028,-0.7237914778148316,-0.5510966735215114,-0.9228501598953666,-0.5414958261689383,-0.6439632114072397,-0.8848227593807225,-0.13576629437288867,-0.6193147585421382,-0.2879396096480549,-0.8898729281135092,-0.23107098284258382,-0.3592157474072142,-0.9938956673555254,-0.2866582707401971,-0.6668413430922729,-0.6825587672336171,0.6602166339042365,-0.4057382271367727
866714,0,-0.5436566243408925,-1.3647346466712067,-0.5247054065864942,-0.5586483177362169,0.7175541618242363,-0.17510120950370892,-0.7616284714534586,-0.513454339370911,0.23234864705851638,0.24388116477136002,-0.7225307454344039,-0.7485967990258461,-0.4281193004276486,-0.5247905835710095,-0.11240667371993411,-0.0499006382598875,-0.6918341481392897,-0.6000105369202677,0.7225466222612777,0.11567338459391859,-0.6026437983377098,-1.2846665605634142,-0.46713448029005955,-0.5815620520976065,0.42974492378539675,0.03336311656569008,-0.8401402720008698,-0.4970155965914909,0.8942728261287819,0.4647420753944726
909231,0,-0.06584547671414223,0.07893799037539323,-0.12341005453733851,-0.16484707562475134,-0.6999753709398686,-0.7901566394705719,-0.9556310809796074,-0.6693942549537472,-0.9419537604056658,-0.8591082992577775,-0.21686956527659074,0.8662227186011877,-0.25199510824027516,-0.21951265261316955,-0.41102466292417333,-0.8198212950426471,-0.8303111359840541,-0.7708331035466349,-0.05100938605435461,-0.5636111810613283,-0.12219540360483637,0.39320637734868136,-0.17827529061140002,-0.22002766990964,-0.9364194944212648,-0.9116489146606929,-1.0924869775089594,-0.852176149062294,-0.6383142955607063,-0.8522833173963068
917092,0,-1.376947752280315,-1.22517199871583,-1.323951982751062,-1.1286237997396538,2.9055425600684264,0.3552123902255052,-0.7004657188136878,-0.6355057843347267,1.3777451491081958,1.9370667455178423,-0.1743139214019232,-0.16072528610998169,-0.2239529882551347,-0.4316585393107651,2.6561039689878836,-0.002381655769254255,-0.3180604103440118,0.647722826513652,2.3162152505041314,0.025201802376764063,-1.1837975334512725,-1.2797316401577903,-1.1813934430038868,-0.9691609532564562,2.2999311661848076,-0.286003830275359,-0.836180550353029,-0.6400384572947965,1.234135242235656,0.31834311542330823
894329,0,-1.4497707765872838,-0.08121586793405586,-1.3193538068421655,-1.166910031611602,0.22113187605866946,1.8004668922237645,1.40471263095519,0.022936609645771554,1.8583058266243073,3.3842220949395294,0.22442173339012894,1.3028630198743676,0.4554534626129181,-0.3347078690899639,0.8666269045462585,2.288712142886276,2.2412910614297616,2.181077998031848,1.7121730588255664,1.5116274672338152,-1.2907969576057552,-0.36512639164884453,-1.1577264085554253,-1.021467300851086,-0.48103135501904404,0.7944773771725344,0.9282909701058988,0.007507208246223881,0.3588292083000277,1.20465033254603
858970,0,-1.1250894666336848,-1.0009565970826022,-1.1320826425525599,-0.9728880746063916,1.2053679686458918,-0.45525228298342496,-0.9887128214011186,-0.9349421926949774,3.350573193648021,0.9197732047591385,0.40501501201791956,0.4220864464907005,0.23062453571451091,-0.11365185515106939,0.12374693353763372,-0.817558486352617,-0.7715662050141943,-0.5839807415685991,2.538254475113248,0.7923410036561073,-1.0893862768443763,-1.3438856054308999,-1.120101892252743,-0.8946908990539325,-0.24228417513826814,-1.0126945224317132,-1.2188558720727742,-1.3641206807256938,1.0353477913052207,-0.2254244501838721
91805,0,-1.5853424937753557,-1.4082049796409142,-1.5509346662538654,-1.2336950375837217,0.5023421882264468,-0.5382528427367387,-0.7988133734776378,-0.876696383818536,-0.4975254646576828,1.1492171283541732,-0.9864472595478877,-1.0053338002036385,-0.872857484051631,-0.6942102886877094,0.2458074349946492,-0.442497945980119,-0.44360273448899057,-0.7253343914878585,-0.5547757988771895,0.0341741906958206,-1.41395119677964,-1.179388258576773,-1.3191477204346762,-1.0595888762166636,1.3758911551647677,-0.19569104612768526,-0.46738869712694836,-0.44676432120924836,0.1151542684498162,1.1707355155642931
902727,0,-0.2299131599353758,-1.2663544194239738,-0.24421667614380302,-0.3110832093912899,-0.9302521826895034,-0.355806390878056,-0.4767151876681956,-0.5182199055517107,-0.7179329934432676,-0.9683014918120413,-0.7840397433036712,-1.2836217175386906,-0.615558734012535,-0.5243662917976144,-0.9097836310187671,-0.2665645703302747,-0.11801695949683588,-0.5394535322584089,-0.7111582635212449,-0.4563163707459426,-0.41382128512391675,-1.35704539317923,-0.3090508271150788,-0.4423739746000323,-0.7241997789716863,0.09880716304951166,0.07621753403344622,-0.3445609580472105,-0.28081750880677764,-0.6210973149708011
86408,0,-0.4170078864157294,0.34433581271676494,-0.39637449712910783,-0.48783318209336574,0.1960238124722605,0.32425647050398954,0.23787605019646238,0.31760745182522254,-0.29157088857934993,1.071814358948619,-0.21508151301294923,1.1004718072670567,-0.065047641672672,-0.41362613894146943,1.8434296120286415,0.8473030073370682,0.6025833000524997,1.8054302685786046,0.10417931931760858,0.7691623338318777,-0.6047418262623074,-0.024616883660801597,-0.5393492777097243,-0.6131231703072476,-0.1892292462758732,-0.185874439155112,-0.24153790684268378,-0.05434051530115156,-1.098411056988409,0.0379806283742844
8610908,0,-0.3508051370457584,-0.287127971474775,-0.35290083399044964,-0.41327578318483527,0.1967411857175862,-0.16794265306810827,-0.6290450621672471,-0.663569674066103,-0.35299593758516795,-0.411277990554218,-0.4900839511610102,-0.22631503093642483,-0.5240528687978661,-0.4163840354685382,-0.5840764965825531,-0.4996338654033804,-0.3580056952992323,-0.5862475813152997,-0.3685493524308337,-0.3684617351218463,-0.41382128512391675,-0.1315401591159839,-0.45196330436155857,-0.44521092904584275,-0.18038675813214175,-0.2572084498224774,-0.4786323511887191,-0.5373712362061533,-0.21188315082283668,-0.2830796390528243
89344,0,-0.25294020319449634,-0.7858928444956286,-0.3161154267192772,-0.32403719761864075,-0.8240809423812601,-0.9989156230925427,-1.1089739234993174,-1.190138261676804,-0.6637344207910745,-0.5536437985680043,-0.7590070116126904,-1.20360222885043,-0.8064419367184036,-0.5192747905168721,-1.1134302639979654,-0.9945666961302256,-0.9788061476747312,-1.5242334850750578,-0.8508280983560117,-0.4667841571181753,-0.3781548104057559,-0.850393564868519,-0.4483222221387182,-0.4189691004220964,-0.8922070537026026,-0.7774886193688586,-1.2700878262324948,-1.3763356061263003,-0.4170831001703829,-0.01910931354497318
8911800,0,-0.14068336730628378,-0.32373456765979175,-0.22540595651649933,-0.22328395585035646,-1.2279620794997785,-1.2308915465056502,-0.8716444919249957,-0.9487093838839544,-0.8769154732230343,-1.0705837228122366,-0.5169047351156326,-0.09326154857421137,-0.5707897354397669,-0.3767127546560879,-1.078692418935786,-1.1409138481579257,-0.6769339227988502,-1.0938577674514713,-0.8508280983560117,-1.0122305970141605,-0.14946976662460662,0.07901644485729882,-0.23865657080683433,-0.2377586351959552,-1.2370640913081676,-1.1595509627414085,-0.8066537370777701,-0.9611827618145432,-0.9236704751221385,-1.2185633407990644
911654,0,0.03489783754450982,0.29171383070080326,0.032509910373426654,-0.09057754312127334,-0.5227841793443555,0.12884722726192238,-0.4785103208693629,-0.46685769226975793,-1.119002431069496,-0.3946916828244572,-0.1957705485656211,-0.3706124695546,-0.04635289501591157,-0.1902365202489013,-0.9620497465251652,0.4207635692663844,-0.12023614199434815,0.27531343955569487,-0.5332881319795331,-0.40734208450442505,0.0498428862121747,0.26983336720808615,0.16155905018702227,-0.07924380553629755,-0.781675951905947,0.5857108688891436,-0.09683696761293856,0.30746866745099427,-0.6046486788708746,-0.3169944560345613
875878,0,-0.3364132350088079,-0.669209319155888,-0.38048988944382894,-0.384201276274559,-1.2329836922170603,-0.9766660557927034,-0.6310966429685811,-0.647154946110015,0.04807350004106035,-0.8674014531226588,-0.7450602039562867,-0.5756272719549685,-0.6642634687235685,-0.5139711433494322,-0.5824830174512606,-0.5414958261689383,-0.27874917753093753,-0.5472255542470965,-0.24320462886117072,-0.628660996374489,-0.48935029040943384,-0.5954226772446221,-0.4844296208485505,-0.4833325044114204,-1.029265619930455,-0.6727781449947441,-0.4625001518827002,-0.48959386976580577,0.18088237722520212,-0.8308039333078739
921385,0,-0.7307513508212465,-1.1016247365913985,-0.7098864909175104,-0.7109296460088524,0.23260984798388443,0.15206416705305922,-0.2638636795297904,-0.5897033982637069,0.008327880096118161,0.6737429734343449,-0.4439522027590599,1.0348820624406134,-0.597847921390341,-0.40556459524696087,1.6012207840721615,0.8869021594125959,0.7458790841775768,0.5084740992163288,-0.25872349939836725,0.6274733682934416,-0.8292308141942614,-0.9770565219461967,-0.8494481136882849,-0.7365306887000012,0.06720290989236748,-0.2722605805137565,-0.4463679525766813,-0.6932274995455392,-0.933289222747805,-0.16098629791857205
924632,0,-0.34504837623097784,2.211272218152621,-0.3817439374189826,-0.39024647078065616,-1.1024217615677347,-0.8880547355898649,-0.3333609791749806,-0.6561565711181923,-0.9022081404607246,-0.810731568379307,-0.6828359851815629,0.2702930370352175,-0.65983576556802,-0.4910593875860919,0.4099357855177902,-0.2213083965296715,0.22120093655146558,-0.6767592540585597,-0.43181859385171095,-0.3860326622466655,-0.48725226248483616,1.6647708685310831,-0.5442040540068445,-0.4920206774017148,-0.45450389058784657,-0.5981719320031876,-0.13252334789594994,-0.7589407058146256,-0.8643548647638636,-0.6651865770470591
89524,0,0.008992413877999306,-1.4585390493953119,-0.06697789565542626,-0.09604700481726584,-0.2516170926111407,-0.9882745256882716,-0.9013924135443391,-0.5529026372008644,-1.5995631085856075,-0.8217891068658143,-0.5201232291901873,-0.25255092886700214,-0.6322856126001627,-0.3406479539174966,-0.13822103564687485,-0.7988903146598682,-0.8333228836592494,-0.8375429589495386,-0.764877430765386,-0.5075337540672243,-0.14317568285081367,-1.25341206466113,-0.2541311702539051,-0.2186091926867349,-0.21575671070707128,-0.9325910095355155,-1.0654044368558246,-0.852176149062294,-1.3004047571274002,-0.7550608420486613
922840,0,-1.0991840429671742,-0.6120115126167993,-1.0777405636292368,-0.9472679645567421,-0.5615223345919574,-0.4542849104921277,-0.5689080999281434,-0.6310049718306381,-0.530044608248999,0.5797538962990298,-1.0304333452334684,-0.3612425060079654,-0.9123624355394692,-0.6926828383034866,1.002072630706132,0.3053603260748466,-0.18617756477756933,-0.13433688609805744,0.2629493025058477,0.7687884843185837,-1.1292488074117324,-0.5888427833704571,-1.0830842229872004,-0.9145495801746056,0.5800672222288489,-0.18849220101446496,-0.4532119159186288,-0.47444117749669884,-0.35295811599927457,0.5992708494220282
875093,0,-0.3767105607122689,0.49305010971839536,-0.4018087050214405,-0.4101092527292607,-0.653346109993681,-0.7377250504422548,-0.7286749548320308,-0.5182199055517107,-0.4397136538286773,-0.01044222041831693,1.1749503167419448,0.9974022082540744,1.1191169689279095,0.290061767234455,-0.814174883141209,-0.426658285149908,-0.32471795783654844,0.9343161373465139,1.571309464718708,0.7631807416191732,-0.516624653429204,-0.3486766569634316,-0.538135583635444,-0.5207448411655454,-1.7287064320996908,-1.0708088357093466,-1.071319576601365,-1.0248859170683398,-1.173757913389461,-0.874893195384132
89864002,0,-0.6818188838956151,-0.8705455981734801,-0.6940018832322316,-0.6608408915297624,1.3201476878980463,-0.6061623916258135,-0.6140428775574921,-0.41602498634122725,0.6984563718673762,0.29225789564983135,-0.20721408305292655,-0.8925194391021559,-0.24018789982547914,-0.32770705482894325,0.7681498942323738,-0.818689890697632,-0.49115664514996743,-0.09547677615461865,-0.1238287016519685,-0.27425165777175153,-0.6613885802264453,-1.2270924891644697,-0.6862062606976141,-0.6326272321221943,0.5756459781569819,-0.9286643667464863,-0.7934546649183,-0.5469576333559965,-0.2343268952827239,-0.3463872974187328
9110944,0,0.2076006619879139,-0.36491698836793557,0.17756145949952756,0.07177910932819045,-0.34487561450351667,-0.29486192392632216,-0.6059647781522394,-0.6781311262852133,0.2793207433570835,-0.5647013370545115,-0.6513662653414726,-1.11252618317714,-0.6696751059136833,-0.42911278867039393,-0.7424683222330407,-0.7768279299320742,-0.4572348555451373,-0.7938253352631697,0.2354928392477314,-0.6963277582807078,0.04564683036297939,-0.4736946405725683,-0.026563531326389916,-0.07747070900766603,-0.45892513465971296,-0.4273629706804135,-0.31779921265295497,-0.47830666021840984,1.1042821492891617,-0.6408809582101478
